cella,variante,f_hz,amp,gm,rl,grandezza,uscita,picco_V,t_picco_s,finestra_s,esito,nota
p_mai_1k_5u,nessuna,1000,3.818,10,100k,C_pav,MAINJACK,0.001255,1.178469,,SOPRA,"pavimento di C a 1.000 s, cond 1"
p_mai_1k_5u,nessuna,1000,3.818,10,100k,C_pav,MAINJACK,0.001255,1.178469,,SOPRA,"pavimento di C a 1.100 s, cond 1"
p_mai_1k_5u,nessuna,1000,3.818,10,100k,C_pav,FIXJACK1,0.000184,1.028490,,SOPRA,"pavimento di C a 1.000 s, cond 1"
p_mai_1k_5u,nessuna,1000,3.818,10,100k,C_pav,FIXJACK1,0.0001837,1.283490,,SOPRA,"pavimento di C a 1.100 s, cond 1"
p_mai_1k_5u,nessuna,1000,3.818,10,100k,C_pav,FIXJACK2,0.000184,1.028490,,SOPRA,"pavimento di C a 1.000 s, cond 1"
p_mai_1k_5u,nessuna,1000,3.818,10,100k,C_pav,FIXJACK2,0.0001837,1.283490,,SOPRA,"pavimento di C a 1.100 s, cond 1"
pav_nullo_1k_5u,nessuna,1000,3.818,10,100k,A_pav,MAINJACK,0.0008128,2.476531,2.000,SOPRA,contro p_mai_1k_5u
pav_nullo_1k_5u,nessuna,1000,3.818,10,100k,A_pav,FIXJACK1,0.0002579,2.476531,2.000,SOPRA,contro p_mai_1k_5u
pav_nullo_1k_5u,nessuna,1000,3.818,10,100k,A_pav,FIXJACK2,0.0002579,2.476531,2.000,SOPRA,contro p_mai_1k_5u
