mode,c124,c137,riso,rsrc,rload,ccable,pm_deg
0,4.465E-10,3.135E-10,46.53,2k,100k,2n,62.2187
0,4.465E-10,3.135E-10,46.53,2k,100k,2.3n,61.8888
0,4.465E-10,3.135E-10,46.53,2k,100k,2.5n,61.7447
0,4.465E-10,3.135E-10,46.53,2k,100k,2.7n,61.6478
0,4.465E-10,3.135E-10,46.53,2k,100k,2.9n,61.592
0,4.465E-10,3.135E-10,46.53,2k,100k,3.1n,61.5712
0,4.465E-10,3.135E-10,46.53,2k,100k,3.3n,61.5764
0,4.465E-10,3.135E-10,46.53,2k,100k,3.5n,61.6056
0,4.465E-10,3.135E-10,46.53,2k,100k,3.8n,61.6845
0,4.465E-10,3.135E-10,46.53,2k,100k,4.2n,61.8353
0,4.465E-10,3.135E-10,46.53,2k,100k,4.7n,62.0739
0,4.465E-10,3.135E-10,46.53,2k,10k,2n,62.2734
0,4.465E-10,3.135E-10,46.53,2k,10k,2.3n,61.9408
0,4.465E-10,3.135E-10,46.53,2k,10k,2.5n,61.7947
0,4.465E-10,3.135E-10,46.53,2k,10k,2.7n,61.6954
0,4.465E-10,3.135E-10,46.53,2k,10k,2.9n,61.6373
0,4.465E-10,3.135E-10,46.53,2k,10k,3.1n,61.6142
0,4.465E-10,3.135E-10,46.53,2k,10k,3.3n,61.617
0,4.465E-10,3.135E-10,46.53,2k,10k,3.5n,61.6439
0,4.465E-10,3.135E-10,46.53,2k,10k,3.8n,61.7195
0,4.465E-10,3.135E-10,46.53,2k,10k,4.2n,61.8664
0,4.465E-10,3.135E-10,46.53,2k,10k,4.7n,62.1006
0,4.465E-10,3.135E-10,46.53,2.5k,100k,2n,62.0903
0,4.465E-10,3.135E-10,46.53,2.5k,100k,2.3n,61.7621
0,4.465E-10,3.135E-10,46.53,2.5k,100k,2.5n,61.6191
0,4.465E-10,3.135E-10,46.53,2.5k,100k,2.7n,61.5233
0,4.465E-10,3.135E-10,46.53,2.5k,100k,2.9n,61.4685
0,4.465E-10,3.135E-10,46.53,2.5k,100k,3.1n,61.4487
0,4.465E-10,3.135E-10,46.53,2.5k,100k,3.3n,61.4548
0,4.465E-10,3.135E-10,46.53,2.5k,100k,3.5n,61.4848
0,4.465E-10,3.135E-10,46.53,2.5k,100k,3.8n,61.5649
0,4.465E-10,3.135E-10,46.53,2.5k,100k,4.2n,61.7171
0,4.465E-10,3.135E-10,46.53,2.5k,100k,4.7n,61.9573
0,4.465E-10,3.135E-10,46.53,2.5k,10k,2n,62.1452
0,4.465E-10,3.135E-10,46.53,2.5k,10k,2.3n,61.8142
0,4.465E-10,3.135E-10,46.53,2.5k,10k,2.5n,61.6692
0,4.465E-10,3.135E-10,46.53,2.5k,10k,2.7n,61.5709
0,4.465E-10,3.135E-10,46.53,2.5k,10k,2.9n,61.5138
0,4.465E-10,3.135E-10,46.53,2.5k,10k,3.1n,61.4916
0,4.465E-10,3.135E-10,46.53,2.5k,10k,3.3n,61.4953
0,4.465E-10,3.135E-10,46.53,2.5k,10k,3.5n,61.5231
0,4.465E-10,3.135E-10,46.53,2.5k,10k,3.8n,61.5999
0,4.465E-10,3.135E-10,46.53,2.5k,10k,4.2n,61.7482
0,4.465E-10,3.135E-10,46.53,2.5k,10k,4.7n,61.9841
0,4.465E-10,3.135E-10,47.47,2k,100k,2n,62.2977
0,4.465E-10,3.135E-10,47.47,2k,100k,2.3n,61.9852
0,4.465E-10,3.135E-10,47.47,2k,100k,2.5n,61.8521
0,4.465E-10,3.135E-10,47.47,2k,100k,2.7n,61.7648
0,4.465E-10,3.135E-10,47.47,2k,100k,2.9n,61.7182
0,4.465E-10,3.135E-10,47.47,2k,100k,3.1n,61.7054
0,4.465E-10,3.135E-10,47.47,2k,100k,3.3n,61.7178
0,4.465E-10,3.135E-10,47.47,2k,100k,3.5n,61.7535
0,4.465E-10,3.135E-10,47.47,2k,100k,3.8n,61.8404
0,4.465E-10,3.135E-10,47.47,2k,100k,4.2n,61.9998
0,4.465E-10,3.135E-10,47.47,2k,100k,4.7n,62.2458
0,4.465E-10,3.135E-10,47.47,2k,10k,2n,62.3521
0,4.465E-10,3.135E-10,47.47,2k,10k,2.3n,62.0368
0,4.465E-10,3.135E-10,47.47,2k,10k,2.5n,61.9015
0,4.465E-10,3.135E-10,47.47,2k,10k,2.7n,61.8118
0,4.465E-10,3.135E-10,47.47,2k,10k,2.9n,61.7628
0,4.465E-10,3.135E-10,47.47,2k,10k,3.1n,61.7475
0,4.465E-10,3.135E-10,47.47,2k,10k,3.3n,61.7576
0,4.465E-10,3.135E-10,47.47,2k,10k,3.5n,61.791
0,4.465E-10,3.135E-10,47.47,2k,10k,3.8n,61.8746
0,4.465E-10,3.135E-10,47.47,2k,10k,4.2n,62.0301
0,4.465E-10,3.135E-10,47.47,2k,10k,4.7n,62.2718
0,4.465E-10,3.135E-10,47.47,2.5k,100k,2n,62.1695
0,4.465E-10,3.135E-10,47.47,2.5k,100k,2.3n,61.8587
0,4.465E-10,3.135E-10,47.47,2.5k,100k,2.5n,61.7266
0,4.465E-10,3.135E-10,47.47,2.5k,100k,2.7n,61.6404
0,4.465E-10,3.135E-10,47.47,2.5k,100k,2.9n,61.5947
0,4.465E-10,3.135E-10,47.47,2.5k,100k,3.1n,61.5829
0,4.465E-10,3.135E-10,47.47,2.5k,100k,3.3n,61.5962
0,4.465E-10,3.135E-10,47.47,2.5k,100k,3.5n,61.6327
0,4.465E-10,3.135E-10,47.47,2.5k,100k,3.8n,61.7208
0,4.465E-10,3.135E-10,47.47,2.5k,100k,4.2n,61.8816
0,4.465E-10,3.135E-10,47.47,2.5k,100k,4.7n,62.1292
0,4.465E-10,3.135E-10,47.47,2.5k,10k,2n,62.224
0,4.465E-10,3.135E-10,47.47,2.5k,10k,2.3n,61.9103
0,4.465E-10,3.135E-10,47.47,2.5k,10k,2.5n,61.7761
0,4.465E-10,3.135E-10,47.47,2.5k,10k,2.7n,61.6874
0,4.465E-10,3.135E-10,47.47,2.5k,10k,2.9n,61.6394
0,4.465E-10,3.135E-10,47.47,2.5k,10k,3.1n,61.625
0,4.465E-10,3.135E-10,47.47,2.5k,10k,3.3n,61.636
0,4.465E-10,3.135E-10,47.47,2.5k,10k,3.5n,61.6703
0,4.465E-10,3.135E-10,47.47,2.5k,10k,3.8n,61.7551
0,4.465E-10,3.135E-10,47.47,2.5k,10k,4.2n,61.9119
0,4.465E-10,3.135E-10,47.47,2.5k,10k,4.7n,62.1552
0,4.465E-10,3.465E-10,46.53,2k,100k,2n,62.2416
0,4.465E-10,3.465E-10,46.53,2k,100k,2.3n,61.9235
0,4.465E-10,3.465E-10,46.53,2k,100k,2.5n,61.7852
0,4.465E-10,3.465E-10,46.53,2k,100k,2.7n,61.697
0,4.465E-10,3.465E-10,46.53,2k,100k,2.9n,61.6469
0,4.465E-10,3.465E-10,46.53,2k,100k,3.1n,61.6315
0,4.465E-10,3.465E-10,46.53,2k,100k,3.3n,61.6444
0,4.465E-10,3.465E-10,46.53,2k,100k,3.5n,61.6785
0,4.465E-10,3.465E-10,46.53,2k,100k,3.8n,61.7649
0,4.465E-10,3.465E-10,46.53,2k,100k,4.2n,61.9252
0,4.465E-10,3.465E-10,46.53,2k,100k,4.7n,62.1743
0,4.465E-10,3.465E-10,46.53,2k,10k,2n,62.2965
0,4.465E-10,3.465E-10,46.53,2k,10k,2.3n,61.9756
0,4.465E-10,3.465E-10,46.53,2k,10k,2.5n,61.8353
0,4.465E-10,3.465E-10,46.53,2k,10k,2.7n,61.7446
0,4.465E-10,3.465E-10,46.53,2k,10k,2.9n,61.6921
0,4.465E-10,3.465E-10,46.53,2k,10k,3.1n,61.6744
0,4.465E-10,3.465E-10,46.53,2k,10k,3.3n,61.6848
0,4.465E-10,3.465E-10,46.53,2k,10k,3.5n,61.7166
0,4.465E-10,3.465E-10,46.53,2k,10k,3.8n,61.7997
0,4.465E-10,3.465E-10,46.53,2k,10k,4.2n,61.956
0,4.465E-10,3.465E-10,46.53,2k,10k,4.7n,62.2007
0,4.465E-10,3.465E-10,46.53,2.5k,100k,2n,62.1124
0,4.465E-10,3.465E-10,46.53,2.5k,100k,2.3n,61.796
0,4.465E-10,3.465E-10,46.53,2.5k,100k,2.5n,61.6589
0,4.465E-10,3.465E-10,46.53,2.5k,100k,2.7n,61.5717
0,4.465E-10,3.465E-10,46.53,2.5k,100k,2.9n,61.5226
0,4.465E-10,3.465E-10,46.53,2.5k,100k,3.1n,61.5082
0,4.465E-10,3.465E-10,46.53,2.5k,100k,3.3n,61.522
0,4.465E-10,3.465E-10,46.53,2.5k,100k,3.5n,61.557
0,4.465E-10,3.465E-10,46.53,2.5k,100k,3.8n,61.6446
0,4.465E-10,3.465E-10,46.53,2.5k,100k,4.2n,61.8063
0,4.465E-10,3.465E-10,46.53,2.5k,100k,4.7n,62.057
0,4.465E-10,3.465E-10,46.53,2.5k,10k,2n,62.1675
0,4.465E-10,3.465E-10,46.53,2.5k,10k,2.3n,61.8482
0,4.465E-10,3.465E-10,46.53,2.5k,10k,2.5n,61.7089
0,4.465E-10,3.465E-10,46.53,2.5k,10k,2.7n,61.6193
0,4.465E-10,3.465E-10,46.53,2.5k,10k,2.9n,61.5678
0,4.465E-10,3.465E-10,46.53,2.5k,10k,3.1n,61.5511
0,4.465E-10,3.465E-10,46.53,2.5k,10k,3.3n,61.5624
0,4.465E-10,3.465E-10,46.53,2.5k,10k,3.5n,61.5951
0,4.465E-10,3.465E-10,46.53,2.5k,10k,3.8n,61.6794
0,4.465E-10,3.465E-10,46.53,2.5k,10k,4.2n,61.8372
0,4.465E-10,3.465E-10,46.53,2.5k,10k,4.7n,62.0835
0,4.465E-10,3.465E-10,47.47,2k,100k,2n,62.322
0,4.465E-10,3.465E-10,47.47,2k,100k,2.3n,62.0213
0,4.465E-10,3.465E-10,47.47,2k,100k,2.5n,61.894
0,4.465E-10,3.465E-10,47.47,2k,100k,2.7n,61.8154
0,4.465E-10,3.465E-10,47.47,2k,100k,2.9n,61.7743
0,4.465E-10,3.465E-10,47.47,2k,100k,3.1n,61.7671
0,4.465E-10,3.465E-10,47.47,2k,100k,3.3n,61.787
0,4.465E-10,3.465E-10,47.47,2k,100k,3.5n,61.8274
0,4.465E-10,3.465E-10,47.47,2k,100k,3.8n,61.9219
0,4.465E-10,3.465E-10,47.47,2k,100k,4.2n,62.0904
0,4.465E-10,3.465E-10,47.47,2k,100k,4.7n,62.3466
0,4.465E-10,3.465E-10,47.47,2k,10k,2n,62.3766
0,4.465E-10,3.465E-10,47.47,2k,10k,2.3n,62.0729
0,4.465E-10,3.465E-10,47.47,2k,10k,2.5n,61.9434
0,4.465E-10,3.465E-10,47.47,2k,10k,2.7n,61.8623
0,4.465E-10,3.465E-10,47.47,2k,10k,2.9n,61.8188
0,4.465E-10,3.465E-10,47.47,2k,10k,3.1n,61.8092
0,4.465E-10,3.465E-10,47.47,2k,10k,3.3n,61.8266
0,4.465E-10,3.465E-10,47.47,2k,10k,3.5n,61.8647
0,4.465E-10,3.465E-10,47.47,2k,10k,3.8n,61.956
0,4.465E-10,3.465E-10,47.47,2k,10k,4.2n,62.1205
0,4.465E-10,3.465E-10,47.47,2k,10k,4.7n,62.3723
0,4.465E-10,3.465E-10,47.47,2.5k,100k,2n,62.1929
0,4.465E-10,3.465E-10,47.47,2.5k,100k,2.3n,61.8939
0,4.465E-10,3.465E-10,47.47,2.5k,100k,2.5n,61.7677
0,4.465E-10,3.465E-10,47.47,2.5k,100k,2.7n,61.6902
0,4.465E-10,3.465E-10,47.47,2.5k,100k,2.9n,61.6501
0,4.465E-10,3.465E-10,47.47,2.5k,100k,3.1n,61.6439
0,4.465E-10,3.465E-10,47.47,2.5k,100k,3.3n,61.6646
0,4.465E-10,3.465E-10,47.47,2.5k,100k,3.5n,61.7059
0,4.465E-10,3.465E-10,47.47,2.5k,100k,3.8n,61.8016
0,4.465E-10,3.465E-10,47.47,2.5k,100k,4.2n,61.9716
0,4.465E-10,3.465E-10,47.47,2.5k,100k,4.7n,62.2294
0,4.465E-10,3.465E-10,47.47,2.5k,10k,2n,62.2476
0,4.465E-10,3.465E-10,47.47,2.5k,10k,2.3n,61.9456
0,4.465E-10,3.465E-10,47.47,2.5k,10k,2.5n,61.8172
0,4.465E-10,3.465E-10,47.47,2.5k,10k,2.7n,61.7371
0,4.465E-10,3.465E-10,47.47,2.5k,10k,2.9n,61.6947
0,4.465E-10,3.465E-10,47.47,2.5k,10k,3.1n,61.686
0,4.465E-10,3.465E-10,47.47,2.5k,10k,3.3n,61.7043
0,4.465E-10,3.465E-10,47.47,2.5k,10k,3.5n,61.7433
0,4.465E-10,3.465E-10,47.47,2.5k,10k,3.8n,61.8357
0,4.465E-10,3.465E-10,47.47,2.5k,10k,4.2n,62.0016
0,4.465E-10,3.465E-10,47.47,2.5k,10k,4.7n,62.2551
0,4.935E-10,3.135E-10,46.53,2k,100k,2n,62.9506
0,4.935E-10,3.135E-10,46.53,2k,100k,2.3n,62.57
0,4.935E-10,3.135E-10,46.53,2k,100k,2.5n,62.3876
0,4.935E-10,3.135E-10,46.53,2k,100k,2.7n,62.252
0,4.935E-10,3.135E-10,46.53,2k,100k,2.9n,62.1564
0,4.935E-10,3.135E-10,46.53,2k,100k,3.1n,62.0964
0,4.935E-10,3.135E-10,46.53,2k,100k,3.3n,62.0651
0,4.935E-10,3.135E-10,46.53,2k,100k,3.5n,62.0583
0,4.935E-10,3.135E-10,46.53,2k,100k,3.8n,62.0874
0,4.935E-10,3.135E-10,46.53,2k,100k,4.2n,62.1793
0,4.935E-10,3.135E-10,46.53,2k,100k,4.7n,62.3565
0,4.935E-10,3.135E-10,46.53,2k,10k,2n,63.0053
0,4.935E-10,3.135E-10,46.53,2k,10k,2.3n,62.623
0,4.935E-10,3.135E-10,46.53,2k,10k,2.5n,62.4391
0,4.935E-10,3.135E-10,46.53,2k,10k,2.7n,62.3015
0,4.935E-10,3.135E-10,46.53,2k,10k,2.9n,62.2039
0,4.935E-10,3.135E-10,46.53,2k,10k,3.1n,62.1419
0,4.935E-10,3.135E-10,46.53,2k,10k,3.3n,62.1085
0,4.935E-10,3.135E-10,46.53,2k,10k,3.5n,62.0996
0,4.935E-10,3.135E-10,46.53,2k,10k,3.8n,62.1257
0,4.935E-10,3.135E-10,46.53,2k,10k,4.2n,62.2136
0,4.935E-10,3.135E-10,46.53,2k,10k,4.7n,62.3865
0,4.935E-10,3.135E-10,46.53,2.5k,100k,2n,62.8335
0,4.935E-10,3.135E-10,46.53,2.5k,100k,2.3n,62.4543
0,4.935E-10,3.135E-10,46.53,2.5k,100k,2.5n,62.2728
0,4.935E-10,3.135E-10,46.53,2.5k,100k,2.7n,62.138
0,4.935E-10,3.135E-10,46.53,2.5k,100k,2.9n,62.0433
0,4.935E-10,3.135E-10,46.53,2.5k,100k,3.1n,61.9841
0,4.935E-10,3.135E-10,46.53,2.5k,100k,3.3n,61.9537
0,4.935E-10,3.135E-10,46.53,2.5k,100k,3.5n,61.9476
0,4.935E-10,3.135E-10,46.53,2.5k,100k,3.8n,61.9778
0,4.935E-10,3.135E-10,46.53,2.5k,100k,4.2n,62.071
0,4.935E-10,3.135E-10,46.53,2.5k,100k,4.7n,62.2497
0,4.935E-10,3.135E-10,46.53,2.5k,10k,2n,62.8883
0,4.935E-10,3.135E-10,46.53,2.5k,10k,2.3n,62.5073
0,4.935E-10,3.135E-10,46.53,2.5k,10k,2.5n,62.3243
0,4.935E-10,3.135E-10,46.53,2.5k,10k,2.7n,62.1876
0,4.935E-10,3.135E-10,46.53,2.5k,10k,2.9n,62.0909
0,4.935E-10,3.135E-10,46.53,2.5k,10k,3.1n,62.0297
0,4.935E-10,3.135E-10,46.53,2.5k,10k,3.3n,61.9971
0,4.935E-10,3.135E-10,46.53,2.5k,10k,3.5n,61.9889
0,4.935E-10,3.135E-10,46.53,2.5k,10k,3.8n,62.0161
0,4.935E-10,3.135E-10,46.53,2.5k,10k,4.2n,62.1053
0,4.935E-10,3.135E-10,46.53,2.5k,10k,4.7n,62.2796
0,4.935E-10,3.135E-10,47.47,2k,100k,2n,63.0164
0,4.935E-10,3.135E-10,47.47,2k,100k,2.3n,62.652
0,4.935E-10,3.135E-10,47.47,2k,100k,2.5n,62.48
0,4.935E-10,3.135E-10,47.47,2k,100k,2.7n,62.3538
0,4.935E-10,3.135E-10,47.47,2k,100k,2.9n,62.2674
0,4.935E-10,3.135E-10,47.47,2k,100k,3.1n,62.2158
0,4.935E-10,3.135E-10,47.47,2k,100k,3.3n,62.192
0,4.935E-10,3.135E-10,47.47,2k,100k,3.5n,62.1921
0,4.935E-10,3.135E-10,47.47,2k,100k,3.8n,62.2304
0,4.935E-10,3.135E-10,47.47,2k,100k,4.2n,62.3321
0,4.935E-10,3.135E-10,47.47,2k,100k,4.7n,62.5187
0,4.935E-10,3.135E-10,47.47,2k,10k,2n,63.0708
0,4.935E-10,3.135E-10,47.47,2k,10k,2.3n,62.7046
0,4.935E-10,3.135E-10,47.47,2k,10k,2.5n,62.531
0,4.935E-10,3.135E-10,47.47,2k,10k,2.7n,62.4028
0,4.935E-10,3.135E-10,47.47,2k,10k,2.9n,62.3143
0,4.935E-10,3.135E-10,47.47,2k,10k,3.1n,62.2607
0,4.935E-10,3.135E-10,47.47,2k,10k,3.3n,62.2347
0,4.935E-10,3.135E-10,47.47,2k,10k,3.5n,62.2327
0,4.935E-10,3.135E-10,47.47,2k,10k,3.8n,62.2679
0,4.935E-10,3.135E-10,47.47,2k,10k,4.2n,62.3657
0,4.935E-10,3.135E-10,47.47,2k,10k,4.7n,62.5479
0,4.935E-10,3.135E-10,47.47,2.5k,100k,2n,62.8994
0,4.935E-10,3.135E-10,47.47,2.5k,100k,2.3n,62.5363
0,4.935E-10,3.135E-10,47.47,2.5k,100k,2.5n,62.3653
0,4.935E-10,3.135E-10,47.47,2.5k,100k,2.7n,62.24
0,4.935E-10,3.135E-10,47.47,2.5k,100k,2.9n,62.1544
0,4.935E-10,3.135E-10,47.47,2.5k,100k,3.1n,62.1037
0,4.935E-10,3.135E-10,47.47,2.5k,100k,3.3n,62.0806
0,4.935E-10,3.135E-10,47.47,2.5k,100k,3.5n,62.0815
0,4.935E-10,3.135E-10,47.47,2.5k,100k,3.8n,62.1209
0,4.935E-10,3.135E-10,47.47,2.5k,100k,4.2n,62.2238
0,4.935E-10,3.135E-10,47.47,2.5k,100k,4.7n,62.4118
0,4.935E-10,3.135E-10,47.47,2.5k,10k,2n,62.9538
0,4.935E-10,3.135E-10,47.47,2.5k,10k,2.3n,62.589
0,4.935E-10,3.135E-10,47.47,2.5k,10k,2.5n,62.4163
0,4.935E-10,3.135E-10,47.47,2.5k,10k,2.7n,62.289
0,4.935E-10,3.135E-10,47.47,2.5k,10k,2.9n,62.2014
0,4.935E-10,3.135E-10,47.47,2.5k,10k,3.1n,62.1486
0,4.935E-10,3.135E-10,47.47,2.5k,10k,3.3n,62.1233
0,4.935E-10,3.135E-10,47.47,2.5k,10k,3.5n,62.1221
0,4.935E-10,3.135E-10,47.47,2.5k,10k,3.8n,62.1584
0,4.935E-10,3.135E-10,47.47,2.5k,10k,4.2n,62.2574
0,4.935E-10,3.135E-10,47.47,2.5k,10k,4.7n,62.441
0,4.935E-10,3.465E-10,46.53,2k,100k,2n,63.009
0,4.935E-10,3.465E-10,46.53,2k,100k,2.3n,62.6384
0,4.935E-10,3.465E-10,46.53,2k,100k,2.5n,62.461
0,4.935E-10,3.465E-10,46.53,2k,100k,2.7n,62.3321
0,4.935E-10,3.465E-10,46.53,2k,100k,2.9n,62.2424
0,4.935E-10,3.465E-10,46.53,2k,100k,3.1n,62.1873
0,4.935E-10,3.465E-10,46.53,2k,100k,3.3n,62.1624
0,4.935E-10,3.465E-10,46.53,2k,100k,3.5n,62.1608
0,4.935E-10,3.465E-10,46.53,2k,100k,3.8n,62.1964
0,4.935E-10,3.465E-10,46.53,2k,100k,4.2n,62.2979
0,4.935E-10,3.465E-10,46.53,2k,100k,4.7n,62.4838
0,4.935E-10,3.465E-10,46.53,2k,10k,2n,63.0639
0,4.935E-10,3.465E-10,46.53,2k,10k,2.3n,62.6915
0,4.935E-10,3.465E-10,46.53,2k,10k,2.5n,62.5125
0,4.935E-10,3.465E-10,46.53,2k,10k,2.7n,62.3818
0,4.935E-10,3.465E-10,46.53,2k,10k,2.9n,62.2899
0,4.935E-10,3.465E-10,46.53,2k,10k,3.1n,62.2328
0,4.935E-10,3.465E-10,46.53,2k,10k,3.3n,62.2057
0,4.935E-10,3.465E-10,46.53,2k,10k,3.5n,62.2019
0,4.935E-10,3.465E-10,46.53,2k,10k,3.8n,62.2344
0,4.935E-10,3.465E-10,46.53,2k,10k,4.2n,62.3321
0,4.935E-10,3.465E-10,46.53,2k,10k,4.7n,62.5136
0,4.935E-10,3.465E-10,46.53,2.5k,100k,2n,62.8911
0,4.935E-10,3.465E-10,46.53,2.5k,100k,2.3n,62.522
0,4.935E-10,3.465E-10,46.53,2.5k,100k,2.5n,62.3455
0,4.935E-10,3.465E-10,46.53,2.5k,100k,2.7n,62.2176
0,4.935E-10,3.465E-10,46.53,2.5k,100k,2.9n,62.1287
0,4.935E-10,3.465E-10,46.53,2.5k,100k,3.1n,62.0745
0,4.935E-10,3.465E-10,46.53,2.5k,100k,3.3n,62.0503
0,4.935E-10,3.465E-10,46.53,2.5k,100k,3.5n,62.0495
0,4.935E-10,3.465E-10,46.53,2.5k,100k,3.8n,62.0861
0,4.935E-10,3.465E-10,46.53,2.5k,100k,4.2n,62.1891
0,4.935E-10,3.465E-10,46.53,2.5k,100k,4.7n,62.3764
0,4.935E-10,3.465E-10,46.53,2.5k,10k,2n,62.9461
0,4.935E-10,3.465E-10,46.53,2.5k,10k,2.3n,62.5751
0,4.935E-10,3.465E-10,46.53,2.5k,10k,2.5n,62.397
0,4.935E-10,3.465E-10,46.53,2.5k,10k,2.7n,62.2673
0,4.935E-10,3.465E-10,46.53,2.5k,10k,2.9n,62.1762
0,4.935E-10,3.465E-10,46.53,2.5k,10k,3.1n,62.1199
0,4.935E-10,3.465E-10,46.53,2.5k,10k,3.3n,62.0936
0,4.935E-10,3.465E-10,46.53,2.5k,10k,3.5n,62.0906
0,4.935E-10,3.465E-10,46.53,2.5k,10k,3.8n,62.1242
0,4.935E-10,3.465E-10,46.53,2.5k,10k,4.2n,62.2232
0,4.935E-10,3.465E-10,46.53,2.5k,10k,4.7n,62.4062
0,4.935E-10,3.465E-10,47.47,2k,100k,2n,63.0758
0,4.935E-10,3.465E-10,47.47,2k,100k,2.3n,62.7215
0,4.935E-10,3.465E-10,47.47,2k,100k,2.5n,62.5546
0,4.935E-10,3.465E-10,47.47,2k,100k,2.7n,62.4356
0,4.935E-10,3.465E-10,47.47,2k,100k,2.9n,62.3546
0,4.935E-10,3.465E-10,47.47,2k,100k,3.1n,62.308
0,4.935E-10,3.465E-10,47.47,2k,100k,3.3n,62.2906
0,4.935E-10,3.465E-10,47.47,2k,100k,3.5n,62.2957
0,4.935E-10,3.465E-10,47.47,2k,100k,3.8n,62.3403
0,4.935E-10,3.465E-10,47.47,2k,100k,4.2n,62.4516
0,4.935E-10,3.465E-10,47.47,2k,100k,4.7n,62.6466
0,4.935E-10,3.465E-10,47.47,2k,10k,2n,63.1305
0,4.935E-10,3.465E-10,47.47,2k,10k,2.3n,62.7742
0,4.935E-10,3.465E-10,47.47,2k,10k,2.5n,62.6056
0,4.935E-10,3.465E-10,47.47,2k,10k,2.7n,62.4847
0,4.935E-10,3.465E-10,47.47,2k,10k,2.9n,62.4015
0,4.935E-10,3.465E-10,47.47,2k,10k,3.1n,62.3527
0,4.935E-10,3.465E-10,47.47,2k,10k,3.3n,62.3332
0,4.935E-10,3.465E-10,47.47,2k,10k,3.5n,62.3361
0,4.935E-10,3.465E-10,47.47,2k,10k,3.8n,62.3776
0,4.935E-10,3.465E-10,47.47,2k,10k,4.2n,62.485
0,4.935E-10,3.465E-10,47.47,2k,10k,4.7n,62.6756
0,4.935E-10,3.465E-10,47.47,2.5k,100k,2n,62.9581
0,4.935E-10,3.465E-10,47.47,2.5k,100k,2.3n,62.6052
0,4.935E-10,3.465E-10,47.47,2.5k,100k,2.5n,62.4392
0,4.935E-10,3.465E-10,47.47,2.5k,100k,2.7n,62.3211
0,4.935E-10,3.465E-10,47.47,2.5k,100k,2.9n,62.241
0,4.935E-10,3.465E-10,47.47,2.5k,100k,3.1n,62.1952
0,4.935E-10,3.465E-10,47.47,2.5k,100k,3.3n,62.1786
0,4.935E-10,3.465E-10,47.47,2.5k,100k,3.5n,62.1844
0,4.935E-10,3.465E-10,47.47,2.5k,100k,3.8n,62.2302
0,4.935E-10,3.465E-10,47.47,2.5k,100k,4.2n,62.3427
0,4.935E-10,3.465E-10,47.47,2.5k,100k,4.7n,62.5392
0,4.935E-10,3.465E-10,47.47,2.5k,10k,2n,63.0129
0,4.935E-10,3.465E-10,47.47,2.5k,10k,2.3n,62.6579
0,4.935E-10,3.465E-10,47.47,2.5k,10k,2.5n,62.4903
0,4.935E-10,3.465E-10,47.47,2.5k,10k,2.7n,62.3702
0,4.935E-10,3.465E-10,47.47,2.5k,10k,2.9n,62.2879
0,4.935E-10,3.465E-10,47.47,2.5k,10k,3.1n,62.24
0,4.935E-10,3.465E-10,47.47,2.5k,10k,3.3n,62.2212
0,4.935E-10,3.465E-10,47.47,2.5k,10k,3.5n,62.2249
0,4.935E-10,3.465E-10,47.47,2.5k,10k,3.8n,62.2675
0,4.935E-10,3.465E-10,47.47,2.5k,10k,4.2n,62.3761
0,4.935E-10,3.465E-10,47.47,2.5k,10k,4.7n,62.5682
3,4.465E-10,3.135E-10,46.53,2k,100k,2n,69.8111
3,4.465E-10,3.135E-10,46.53,2k,100k,2.3n,69.591
3,4.465E-10,3.135E-10,46.53,2k,100k,2.5n,69.5153
3,4.465E-10,3.135E-10,46.53,2k,100k,2.7n,69.4862
3,4.465E-10,3.135E-10,46.53,2k,100k,2.9n,69.4932
3,4.465E-10,3.135E-10,46.53,2k,100k,3.1n,69.532
3,4.465E-10,3.135E-10,46.53,2k,100k,3.3n,69.5951
3,4.465E-10,3.135E-10,46.53,2k,100k,3.5n,69.6779
3,4.465E-10,3.135E-10,46.53,2k,100k,3.8n,69.8321
3,4.465E-10,3.135E-10,46.53,2k,100k,4.2n,70.0735
3,4.465E-10,3.135E-10,46.53,2k,100k,4.7n,70.4116
3,4.465E-10,3.135E-10,46.53,2k,10k,2n,69.8713
3,4.465E-10,3.135E-10,46.53,2k,10k,2.3n,69.6475
3,4.465E-10,3.135E-10,46.53,2k,10k,2.5n,69.5691
3,4.465E-10,3.135E-10,46.53,2k,10k,2.7n,69.5371
3,4.465E-10,3.135E-10,46.53,2k,10k,2.9n,69.5414
3,4.465E-10,3.135E-10,46.53,2k,10k,3.1n,69.5775
3,4.465E-10,3.135E-10,46.53,2k,10k,3.3n,69.6379
3,4.465E-10,3.135E-10,46.53,2k,10k,3.5n,69.7181
3,4.465E-10,3.135E-10,46.53,2k,10k,3.8n,69.8686
3,4.465E-10,3.135E-10,46.53,2k,10k,4.2n,70.1057
3,4.465E-10,3.135E-10,46.53,2k,10k,4.7n,70.439
3,4.465E-10,3.135E-10,46.53,2.5k,100k,2n,69.6852
3,4.465E-10,3.135E-10,46.53,2.5k,100k,2.3n,69.4668
3,4.465E-10,3.135E-10,46.53,2.5k,100k,2.5n,69.3923
3,4.465E-10,3.135E-10,46.53,2.5k,100k,2.7n,69.3642
3,4.465E-10,3.135E-10,46.53,2.5k,100k,2.9n,69.3723
3,4.465E-10,3.135E-10,46.53,2.5k,100k,3.1n,69.4122
3,4.465E-10,3.135E-10,46.53,2.5k,100k,3.3n,69.4762
3,4.465E-10,3.135E-10,46.53,2.5k,100k,3.5n,69.5599
3,4.465E-10,3.135E-10,46.53,2.5k,100k,3.8n,69.7154
3,4.465E-10,3.135E-10,46.53,2.5k,100k,4.2n,69.9583
3,4.465E-10,3.135E-10,46.53,2.5k,100k,4.7n,70.2981
3,4.465E-10,3.135E-10,46.53,2.5k,10k,2n,69.7455
3,4.465E-10,3.135E-10,46.53,2.5k,10k,2.3n,69.5234
3,4.465E-10,3.135E-10,46.53,2.5k,10k,2.5n,69.4462
3,4.465E-10,3.135E-10,46.53,2.5k,10k,2.7n,69.4153
3,4.465E-10,3.135E-10,46.53,2.5k,10k,2.9n,69.4206
3,4.465E-10,3.135E-10,46.53,2.5k,10k,3.1n,69.4577
3,4.465E-10,3.135E-10,46.53,2.5k,10k,3.3n,69.519
3,4.465E-10,3.135E-10,46.53,2.5k,10k,3.5n,69.6001
3,4.465E-10,3.135E-10,46.53,2.5k,10k,3.8n,69.752
3,4.465E-10,3.135E-10,46.53,2.5k,10k,4.2n,69.9905
3,4.465E-10,3.135E-10,46.53,2.5k,10k,4.7n,70.3256
3,4.465E-10,3.135E-10,47.47,2k,100k,2n,69.8952
3,4.465E-10,3.135E-10,47.47,2k,100k,2.3n,69.6921
3,4.465E-10,3.135E-10,47.47,2k,100k,2.5n,69.6268
3,4.465E-10,3.135E-10,47.47,2k,100k,2.7n,69.6069
3,4.465E-10,3.135E-10,47.47,2k,100k,2.9n,69.6224
3,4.465E-10,3.135E-10,47.47,2k,100k,3.1n,69.6687
3,4.465E-10,3.135E-10,47.47,2k,100k,3.3n,69.7381
3,4.465E-10,3.135E-10,47.47,2k,100k,3.5n,69.8266
3,4.465E-10,3.135E-10,47.47,2k,100k,3.8n,69.9877
3,4.465E-10,3.135E-10,47.47,2k,100k,4.2n,70.2361
3,4.465E-10,3.135E-10,47.47,2k,100k,4.7n,70.5798
3,4.465E-10,3.135E-10,47.47,2k,10k,2n,69.9549
3,4.465E-10,3.135E-10,47.47,2k,10k,2.3n,69.748
3,4.465E-10,3.135E-10,47.47,2k,10k,2.5n,69.68
3,4.465E-10,3.135E-10,47.47,2k,10k,2.7n,69.6571
3,4.465E-10,3.135E-10,47.47,2k,10k,2.9n,69.6698
3,4.465E-10,3.135E-10,47.47,2k,10k,3.1n,69.7133
3,4.465E-10,3.135E-10,47.47,2k,10k,3.3n,69.78
3,4.465E-10,3.135E-10,47.47,2k,10k,3.5n,69.8659
3,4.465E-10,3.135E-10,47.47,2k,10k,3.8n,70.0234
3,4.465E-10,3.135E-10,47.47,2k,10k,4.2n,70.2675
3,4.465E-10,3.135E-10,47.47,2k,10k,4.7n,70.6064
3,4.465E-10,3.135E-10,47.47,2.5k,100k,2n,69.7694
3,4.465E-10,3.135E-10,47.47,2.5k,100k,2.3n,69.568
3,4.465E-10,3.135E-10,47.47,2.5k,100k,2.5n,69.5039
3,4.465E-10,3.135E-10,47.47,2.5k,100k,2.7n,69.485
3,4.465E-10,3.135E-10,47.47,2.5k,100k,2.9n,69.5016
3,4.465E-10,3.135E-10,47.47,2.5k,100k,3.1n,69.5489
3,4.465E-10,3.135E-10,47.47,2.5k,100k,3.3n,69.6192
3,4.465E-10,3.135E-10,47.47,2.5k,100k,3.5n,69.7086
3,4.465E-10,3.135E-10,47.47,2.5k,100k,3.8n,69.871
3,4.465E-10,3.135E-10,47.47,2.5k,100k,4.2n,70.121
3,4.465E-10,3.135E-10,47.47,2.5k,100k,4.7n,70.4663
3,4.465E-10,3.135E-10,47.47,2.5k,10k,2n,69.8292
3,4.465E-10,3.135E-10,47.47,2.5k,10k,2.3n,69.624
3,4.465E-10,3.135E-10,47.47,2.5k,10k,2.5n,69.5572
3,4.465E-10,3.135E-10,47.47,2.5k,10k,2.7n,69.5353
3,4.465E-10,3.135E-10,47.47,2.5k,10k,2.9n,69.549
3,4.465E-10,3.135E-10,47.47,2.5k,10k,3.1n,69.5936
3,4.465E-10,3.135E-10,47.47,2.5k,10k,3.3n,69.6612
3,4.465E-10,3.135E-10,47.47,2.5k,10k,3.5n,69.748
3,4.465E-10,3.135E-10,47.47,2.5k,10k,3.8n,69.9067
3,4.465E-10,3.135E-10,47.47,2.5k,10k,4.2n,70.1523
3,4.465E-10,3.135E-10,47.47,2.5k,10k,4.7n,70.493
3,4.465E-10,3.465E-10,46.53,2k,100k,2n,69.1
3,4.465E-10,3.465E-10,46.53,2k,100k,2.3n,68.8875
3,4.465E-10,3.465E-10,46.53,2k,100k,2.5n,68.8185
3,4.465E-10,3.465E-10,46.53,2k,100k,2.7n,68.7944
3,4.465E-10,3.465E-10,46.53,2k,100k,2.9n,68.8091
3,4.465E-10,3.465E-10,46.53,2k,100k,3.1n,68.853
3,4.465E-10,3.465E-10,46.53,2k,100k,3.3n,68.922
3,4.465E-10,3.465E-10,46.53,2k,100k,3.5n,69.0115
3,4.465E-10,3.465E-10,46.53,2k,100k,3.8n,69.1719
3,4.465E-10,3.465E-10,46.53,2k,100k,4.2n,69.4241
3,4.465E-10,3.465E-10,46.53,2k,100k,4.7n,69.7719
3,4.465E-10,3.465E-10,46.53,2k,10k,2n,69.1599
3,4.465E-10,3.465E-10,46.53,2k,10k,2.3n,68.9438
3,4.465E-10,3.465E-10,46.53,2k,10k,2.5n,68.8719
3,4.465E-10,3.465E-10,46.53,2k,10k,2.7n,68.8451
3,4.465E-10,3.465E-10,46.53,2k,10k,2.9n,68.857
3,4.465E-10,3.465E-10,46.53,2k,10k,3.1n,68.898
3,4.465E-10,3.465E-10,46.53,2k,10k,3.3n,68.9643
3,4.465E-10,3.465E-10,46.53,2k,10k,3.5n,69.0512
3,4.465E-10,3.465E-10,46.53,2k,10k,3.8n,69.208
3,4.465E-10,3.465E-10,46.53,2k,10k,4.2n,69.4558
3,4.465E-10,3.465E-10,46.53,2k,10k,4.7n,69.7988
3,4.465E-10,3.465E-10,46.53,2.5k,100k,2n,68.9726
3,4.465E-10,3.465E-10,46.53,2.5k,100k,2.3n,68.7618
3,4.465E-10,3.465E-10,46.53,2.5k,100k,2.5n,68.694
3,4.465E-10,3.465E-10,46.53,2.5k,100k,2.7n,68.671
3,4.465E-10,3.465E-10,46.53,2.5k,100k,2.9n,68.6868
3,4.465E-10,3.465E-10,46.53,2.5k,100k,3.1n,68.7317
3,4.465E-10,3.465E-10,46.53,2.5k,100k,3.3n,68.8017
3,4.465E-10,3.465E-10,46.53,2.5k,100k,3.5n,68.8921
3,4.465E-10,3.465E-10,46.53,2.5k,100k,3.8n,69.0538
3,4.465E-10,3.465E-10,46.53,2.5k,100k,4.2n,69.3075
3,4.465E-10,3.465E-10,46.53,2.5k,100k,4.7n,69.657
3,4.465E-10,3.465E-10,46.53,2.5k,10k,2n,69.0325
3,4.465E-10,3.465E-10,46.53,2.5k,10k,2.3n,68.8182
3,4.465E-10,3.465E-10,46.53,2.5k,10k,2.5n,68.7475
3,4.465E-10,3.465E-10,46.53,2.5k,10k,2.7n,68.7217
3,4.465E-10,3.465E-10,46.53,2.5k,10k,2.9n,68.7347
3,4.465E-10,3.465E-10,46.53,2.5k,10k,3.1n,68.7767
3,4.465E-10,3.465E-10,46.53,2.5k,10k,3.3n,68.844
3,4.465E-10,3.465E-10,46.53,2.5k,10k,3.5n,68.9318
3,4.465E-10,3.465E-10,46.53,2.5k,10k,3.8n,69.0899
3,4.465E-10,3.465E-10,46.53,2.5k,10k,4.2n,69.3392
3,4.465E-10,3.465E-10,46.53,2.5k,10k,4.7n,69.6839
3,4.465E-10,3.465E-10,47.47,2k,100k,2n,69.1857
3,4.465E-10,3.465E-10,47.47,2k,100k,2.3n,68.9908
3,4.465E-10,3.465E-10,47.47,2k,100k,2.5n,68.9319
3,4.465E-10,3.465E-10,47.47,2k,100k,2.7n,68.9173
3,4.465E-10,3.465E-10,47.47,2k,100k,2.9n,68.9404
3,4.465E-10,3.465E-10,47.47,2k,100k,3.1n,68.9915
3,4.465E-10,3.465E-10,47.47,2k,100k,3.3n,69.067
3,4.465E-10,3.465E-10,47.47,2k,100k,3.5n,69.1619
3,4.465E-10,3.465E-10,47.47,2k,100k,3.8n,69.3292
3,4.465E-10,3.465E-10,47.47,2k,100k,4.2n,69.5881
3,4.465E-10,3.465E-10,47.47,2k,100k,4.7n,69.9411
3,4.465E-10,3.465E-10,47.47,2k,10k,2n,69.2451
3,4.465E-10,3.465E-10,47.47,2k,10k,2.3n,69.0465
3,4.465E-10,3.465E-10,47.47,2k,10k,2.5n,68.9847
3,4.465E-10,3.465E-10,47.47,2k,10k,2.7n,68.9672
3,4.465E-10,3.465E-10,47.47,2k,10k,2.9n,68.9874
3,4.465E-10,3.465E-10,47.47,2k,10k,3.1n,69.0356
3,4.465E-10,3.465E-10,47.47,2k,10k,3.3n,69.1084
3,4.465E-10,3.465E-10,47.47,2k,10k,3.5n,69.2007
3,4.465E-10,3.465E-10,47.47,2k,10k,3.8n,69.3644
3,4.465E-10,3.465E-10,47.47,2k,10k,4.2n,69.6189
3,4.465E-10,3.465E-10,47.47,2k,10k,4.7n,69.9672
3,4.465E-10,3.465E-10,47.47,2.5k,100k,2n,69.0584
3,4.465E-10,3.465E-10,47.47,2.5k,100k,2.3n,68.8652
3,4.465E-10,3.465E-10,47.47,2.5k,100k,2.5n,68.8075
3,4.465E-10,3.465E-10,47.47,2.5k,100k,2.7n,68.794
3,4.465E-10,3.465E-10,47.47,2.5k,100k,2.9n,68.8182
3,4.465E-10,3.465E-10,47.47,2.5k,100k,3.1n,68.8702
3,4.465E-10,3.465E-10,47.47,2.5k,100k,3.3n,68.9467
3,4.465E-10,3.465E-10,47.47,2.5k,100k,3.5n,69.0425
3,4.465E-10,3.465E-10,47.47,2.5k,100k,3.8n,69.2111
3,4.465E-10,3.465E-10,47.47,2.5k,100k,4.2n,69.4715
3,4.465E-10,3.465E-10,47.47,2.5k,100k,4.7n,69.8262
3,4.465E-10,3.465E-10,47.47,2.5k,10k,2n,69.1179
3,4.465E-10,3.465E-10,47.47,2.5k,10k,2.3n,68.921
3,4.465E-10,3.465E-10,47.47,2.5k,10k,2.5n,68.8603
3,4.465E-10,3.465E-10,47.47,2.5k,10k,2.7n,68.8439
3,4.465E-10,3.465E-10,47.47,2.5k,10k,2.9n,68.8652
3,4.465E-10,3.465E-10,47.47,2.5k,10k,3.1n,68.9144
3,4.465E-10,3.465E-10,47.47,2.5k,10k,3.3n,68.9882
3,4.465E-10,3.465E-10,47.47,2.5k,10k,3.5n,69.0813
3,4.465E-10,3.465E-10,47.47,2.5k,10k,3.8n,69.2463
3,4.465E-10,3.465E-10,47.47,2.5k,10k,4.2n,69.5023
3,4.465E-10,3.465E-10,47.47,2.5k,10k,4.7n,69.8523
3,4.935E-10,3.135E-10,46.53,2k,100k,2n,71.392
3,4.935E-10,3.135E-10,46.53,2k,100k,2.3n,71.1072
3,4.935E-10,3.135E-10,46.53,2k,100k,2.5n,70.9865
3,4.935E-10,3.135E-10,46.53,2k,100k,2.7n,70.9088
3,4.935E-10,3.135E-10,46.53,2k,100k,2.9n,70.8703
3,4.935E-10,3.135E-10,46.53,2k,100k,3.1n,70.8637
3,4.935E-10,3.135E-10,46.53,2k,100k,3.3n,70.8829
3,4.935E-10,3.135E-10,46.53,2k,100k,3.5n,70.9252
3,4.935E-10,3.135E-10,46.53,2k,100k,3.8n,71.0212
3,4.935E-10,3.135E-10,46.53,2k,100k,4.2n,71.1962
3,4.935E-10,3.135E-10,46.53,2k,100k,4.7n,71.4628
3,4.935E-10,3.135E-10,46.53,2k,10k,2n,71.4526
3,4.935E-10,3.135E-10,46.53,2k,10k,2.3n,71.1655
3,4.935E-10,3.135E-10,46.53,2k,10k,2.5n,71.0425
3,4.935E-10,3.135E-10,46.53,2k,10k,2.7n,70.9626
3,4.935E-10,3.135E-10,46.53,2k,10k,2.9n,70.9217
3,4.935E-10,3.135E-10,46.53,2k,10k,3.1n,70.9125
3,4.935E-10,3.135E-10,46.53,2k,10k,3.3n,70.9293
3,4.935E-10,3.135E-10,46.53,2k,10k,3.5n,70.9693
3,4.935E-10,3.135E-10,46.53,2k,10k,3.8n,71.0617
3,4.935E-10,3.135E-10,46.53,2k,10k,4.2n,71.2325
3,4.935E-10,3.135E-10,46.53,2k,10k,4.7n,71.4943
3,4.935E-10,3.135E-10,46.53,2.5k,100k,2n,71.2782
3,4.935E-10,3.135E-10,46.53,2.5k,100k,2.3n,70.9949
3,4.935E-10,3.135E-10,46.53,2.5k,100k,2.5n,70.8751
3,4.935E-10,3.135E-10,46.53,2.5k,100k,2.7n,70.7983
3,4.935E-10,3.135E-10,46.53,2.5k,100k,2.9n,70.7608
3,4.935E-10,3.135E-10,46.53,2.5k,100k,3.1n,70.755
3,4.935E-10,3.135E-10,46.53,2.5k,100k,3.3n,70.7751
3,4.935E-10,3.135E-10,46.53,2.5k,100k,3.5n,70.8182
3,4.935E-10,3.135E-10,46.53,2.5k,100k,3.8n,70.9153
3,4.935E-10,3.135E-10,46.53,2.5k,100k,4.2n,71.0917
3,4.935E-10,3.135E-10,46.53,2.5k,100k,4.7n,71.3599
3,4.935E-10,3.135E-10,46.53,2.5k,10k,2n,71.3389
3,4.935E-10,3.135E-10,46.53,2.5k,10k,2.3n,71.0532
3,4.935E-10,3.135E-10,46.53,2.5k,10k,2.5n,70.9311
3,4.935E-10,3.135E-10,46.53,2.5k,10k,2.7n,70.8521
3,4.935E-10,3.135E-10,46.53,2.5k,10k,2.9n,70.8122
3,4.935E-10,3.135E-10,46.53,2.5k,10k,3.1n,70.8038
3,4.935E-10,3.135E-10,46.53,2.5k,10k,3.3n,70.8215
3,4.935E-10,3.135E-10,46.53,2.5k,10k,3.5n,70.8622
3,4.935E-10,3.135E-10,46.53,2.5k,10k,3.8n,70.9558
3,4.935E-10,3.135E-10,46.53,2.5k,10k,4.2n,71.128
3,4.935E-10,3.135E-10,46.53,2.5k,10k,4.7n,71.3913
3,4.935E-10,3.135E-10,47.47,2k,100k,2n,71.4611
3,4.935E-10,3.135E-10,47.47,2k,100k,2.3n,71.1925
3,4.935E-10,3.135E-10,47.47,2k,100k,2.5n,71.0815
3,4.935E-10,3.135E-10,47.47,2k,100k,2.7n,71.0132
3,4.935E-10,3.135E-10,47.47,2k,100k,2.9n,70.9833
3,4.935E-10,3.135E-10,47.47,2k,100k,3.1n,70.9843
3,4.935E-10,3.135E-10,47.47,2k,100k,3.3n,71.0106
3,4.935E-10,3.135E-10,47.47,2k,100k,3.5n,71.0593
3,4.935E-10,3.135E-10,47.47,2k,100k,3.8n,71.1633
3,4.935E-10,3.135E-10,47.47,2k,100k,4.2n,71.347
3,4.935E-10,3.135E-10,47.47,2k,100k,4.7n,71.6214
3,4.935E-10,3.135E-10,47.47,2k,10k,2n,71.5214
3,4.935E-10,3.135E-10,47.47,2k,10k,2.3n,71.2503
3,4.935E-10,3.135E-10,47.47,2k,10k,2.5n,71.1369
3,4.935E-10,3.135E-10,47.47,2k,10k,2.7n,71.0663
3,4.935E-10,3.135E-10,47.47,2k,10k,2.9n,71.034
3,4.935E-10,3.135E-10,47.47,2k,10k,3.1n,71.0323
3,4.935E-10,3.135E-10,47.47,2k,10k,3.3n,71.0562
3,4.935E-10,3.135E-10,47.47,2k,10k,3.5n,71.1025
3,4.935E-10,3.135E-10,47.47,2k,10k,3.8n,71.2029
3,4.935E-10,3.135E-10,47.47,2k,10k,4.2n,71.3824
3,4.935E-10,3.135E-10,47.47,2k,10k,4.7n,71.6521
3,4.935E-10,3.135E-10,47.47,2.5k,100k,2n,71.3474
3,4.935E-10,3.135E-10,47.47,2.5k,100k,2.3n,71.0802
3,4.935E-10,3.135E-10,47.47,2.5k,100k,2.5n,70.9702
3,4.935E-10,3.135E-10,47.47,2.5k,100k,2.7n,70.9028
3,4.935E-10,3.135E-10,47.47,2.5k,100k,2.9n,70.8739
3,4.935E-10,3.135E-10,47.47,2.5k,100k,3.1n,70.8757
3,4.935E-10,3.135E-10,47.47,2.5k,100k,3.3n,70.9028
3,4.935E-10,3.135E-10,47.47,2.5k,100k,3.5n,70.9523
3,4.935E-10,3.135E-10,47.47,2.5k,100k,3.8n,71.0574
3,4.935E-10,3.135E-10,47.47,2.5k,100k,4.2n,71.2426
3,4.935E-10,3.135E-10,47.47,2.5k,100k,4.7n,71.5185
3,4.935E-10,3.135E-10,47.47,2.5k,10k,2n,71.4077
3,4.935E-10,3.135E-10,47.47,2.5k,10k,2.3n,71.1381
3,4.935E-10,3.135E-10,47.47,2.5k,10k,2.5n,71.0257
3,4.935E-10,3.135E-10,47.47,2.5k,10k,2.7n,70.956
3,4.935E-10,3.135E-10,47.47,2.5k,10k,2.9n,70.9245
3,4.935E-10,3.135E-10,47.47,2.5k,10k,3.1n,70.9237
3,4.935E-10,3.135E-10,47.47,2.5k,10k,3.3n,70.9485
3,4.935E-10,3.135E-10,47.47,2.5k,10k,3.5n,70.9955
3,4.935E-10,3.135E-10,47.47,2.5k,10k,3.8n,71.0971
3,4.935E-10,3.135E-10,47.47,2.5k,10k,4.2n,71.278
3,4.935E-10,3.135E-10,47.47,2.5k,10k,4.7n,71.5491
3,4.935E-10,3.465E-10,46.53,2k,100k,2n,70.6662
3,4.935E-10,3.465E-10,46.53,2k,100k,2.3n,70.3919
3,4.935E-10,3.465E-10,46.53,2k,100k,2.5n,70.2761
3,4.935E-10,3.465E-10,46.53,2k,100k,2.7n,70.2067
3,4.935E-10,3.465E-10,46.53,2k,100k,2.9n,70.175
3,4.935E-10,3.465E-10,46.53,2k,100k,3.1n,70.1749
3,4.935E-10,3.465E-10,46.53,2k,100k,3.3n,70.2022
3,4.935E-10,3.465E-10,46.53,2k,100k,3.5n,70.2507
3,4.935E-10,3.465E-10,46.53,2k,100k,3.8n,70.3565
3,4.935E-10,3.465E-10,46.53,2k,100k,4.2n,70.5432
3,4.935E-10,3.465E-10,46.53,2k,100k,4.7n,70.8246
3,4.935E-10,3.465E-10,46.53,2k,10k,2n,70.7269
3,4.935E-10,3.465E-10,46.53,2k,10k,2.3n,70.4499
3,4.935E-10,3.465E-10,46.53,2k,10k,2.5n,70.3319
3,4.935E-10,3.465E-10,46.53,2k,10k,2.7n,70.2602
3,4.935E-10,3.465E-10,46.53,2k,10k,2.9n,70.2259
3,4.935E-10,3.465E-10,46.53,2k,10k,3.1n,70.2233
3,4.935E-10,3.465E-10,46.53,2k,10k,3.3n,70.2482
3,4.935E-10,3.465E-10,46.53,2k,10k,3.5n,70.2941
3,4.935E-10,3.465E-10,46.53,2k,10k,3.8n,70.3965
3,4.935E-10,3.465E-10,46.53,2k,10k,4.2n,70.5789
3,4.935E-10,3.465E-10,46.53,2k,10k,4.7n,70.8555
3,4.935E-10,3.465E-10,46.53,2.5k,100k,2n,70.5509
3,4.935E-10,3.465E-10,46.53,2.5k,100k,2.3n,70.2781
3,4.935E-10,3.465E-10,46.53,2.5k,100k,2.5n,70.1632
3,4.935E-10,3.465E-10,46.53,2.5k,100k,2.7n,70.0947
3,4.935E-10,3.465E-10,46.53,2.5k,100k,2.9n,70.064
3,4.935E-10,3.465E-10,46.53,2.5k,100k,3.1n,70.0647
3,4.935E-10,3.465E-10,46.53,2.5k,100k,3.3n,70.0929
3,4.935E-10,3.465E-10,46.53,2.5k,100k,3.5n,70.1422
3,4.935E-10,3.465E-10,46.53,2.5k,100k,3.8n,70.2492
3,4.935E-10,3.465E-10,46.53,2.5k,100k,4.2n,70.4373
3,4.935E-10,3.465E-10,46.53,2.5k,100k,4.7n,70.7202
3,4.935E-10,3.465E-10,46.53,2.5k,10k,2n,70.6117
3,4.935E-10,3.465E-10,46.53,2.5k,10k,2.3n,70.3361
3,4.935E-10,3.465E-10,46.53,2.5k,10k,2.5n,70.2191
3,4.935E-10,3.465E-10,46.53,2.5k,10k,2.7n,70.1483
3,4.935E-10,3.465E-10,46.53,2.5k,10k,2.9n,70.1149
3,4.935E-10,3.465E-10,46.53,2.5k,10k,3.1n,70.1132
3,4.935E-10,3.465E-10,46.53,2.5k,10k,3.3n,70.1389
3,4.935E-10,3.465E-10,46.53,2.5k,10k,3.5n,70.1857
3,4.935E-10,3.465E-10,46.53,2.5k,10k,3.8n,70.2892
3,4.935E-10,3.465E-10,46.53,2.5k,10k,4.2n,70.473
3,4.935E-10,3.465E-10,46.53,2.5k,10k,4.7n,70.7511
3,4.935E-10,3.465E-10,47.47,2k,100k,2n,70.7373
3,4.935E-10,3.465E-10,47.47,2k,100k,2.3n,70.4791
3,4.935E-10,3.465E-10,47.47,2k,100k,2.5n,70.3734
3,4.935E-10,3.465E-10,47.47,2k,100k,2.7n,70.3134
3,4.935E-10,3.465E-10,47.47,2k,100k,2.9n,70.2901
3,4.935E-10,3.465E-10,47.47,2k,100k,3.1n,70.2978
3,4.935E-10,3.465E-10,47.47,2k,100k,3.3n,70.3321
3,4.935E-10,3.465E-10,47.47,2k,100k,3.5n,70.3867
3,4.935E-10,3.465E-10,47.47,2k,100k,3.8n,70.5006
3,4.935E-10,3.465E-10,47.47,2k,100k,4.2n,70.6958
3,4.935E-10,3.465E-10,47.47,2k,100k,4.7n,70.9846
3,4.935E-10,3.465E-10,47.47,2k,10k,2n,70.7977
3,4.935E-10,3.465E-10,47.47,2k,10k,2.3n,70.5366
3,4.935E-10,3.465E-10,47.47,2k,10k,2.5n,70.4287
3,4.935E-10,3.465E-10,47.47,2k,10k,2.7n,70.3663
3,4.935E-10,3.465E-10,47.47,2k,10k,2.9n,70.3403
3,4.935E-10,3.465E-10,47.47,2k,10k,3.1n,70.3455
3,4.935E-10,3.465E-10,47.47,2k,10k,3.3n,70.3773
3,4.935E-10,3.465E-10,47.47,2k,10k,3.5n,70.4293
3,4.935E-10,3.465E-10,47.47,2k,10k,3.8n,70.5398
3,4.935E-10,3.465E-10,47.47,2k,10k,4.2n,70.7306
3,4.935E-10,3.465E-10,47.47,2k,10k,4.7n,71.0147
3,4.935E-10,3.465E-10,47.47,2.5k,100k,2n,70.6221
3,4.935E-10,3.465E-10,47.47,2.5k,100k,2.3n,70.3653
3,4.935E-10,3.465E-10,47.47,2.5k,100k,2.5n,70.2606
3,4.935E-10,3.465E-10,47.47,2.5k,100k,2.7n,70.2016
3,4.935E-10,3.465E-10,47.47,2.5k,100k,2.9n,70.1792
3,4.935E-10,3.465E-10,47.47,2.5k,100k,3.1n,70.1877
3,4.935E-10,3.465E-10,47.47,2.5k,100k,3.3n,70.2229
3,4.935E-10,3.465E-10,47.47,2.5k,100k,3.5n,70.2782
3,4.935E-10,3.465E-10,47.47,2.5k,100k,3.8n,70.3934
3,4.935E-10,3.465E-10,47.47,2.5k,100k,4.2n,70.5898
3,4.935E-10,3.465E-10,47.47,2.5k,100k,4.7n,70.8803
3,4.935E-10,3.465E-10,47.47,2.5k,10k,2n,70.6825
3,4.935E-10,3.465E-10,47.47,2.5k,10k,2.3n,70.4228
3,4.935E-10,3.465E-10,47.47,2.5k,10k,2.5n,70.3159
3,4.935E-10,3.465E-10,47.47,2.5k,10k,2.7n,70.2545
3,4.935E-10,3.465E-10,47.47,2.5k,10k,2.9n,70.2294
3,4.935E-10,3.465E-10,47.47,2.5k,10k,3.1n,70.2354
3,4.935E-10,3.465E-10,47.47,2.5k,10k,3.3n,70.2681
3,4.935E-10,3.465E-10,47.47,2.5k,10k,3.5n,70.3209
3,4.935E-10,3.465E-10,47.47,2.5k,10k,3.8n,70.4326
3,4.935E-10,3.465E-10,47.47,2.5k,10k,4.2n,70.6247
3,4.935E-10,3.465E-10,47.47,2.5k,10k,4.7n,70.9103
