modo,s,nome,t,target,code,i_meas,err_db,i(vls),i(vlp),v(mir_e2_s),v(ldr_s_a),v(mir_e2_p),v(ldr_p_a)
comp,S,d0,15,0.012,3156,0.009433626893244,-2.090051009173111,0.009433626893244,1.033139874908e-08,4.904727496647,3.282920904634,4.999999895702,1.825402545166
comp,S,d0.1,15,0.0002,2595,0.0002016770510832,0.07252973615550486,0.0002016770510832,1.033139902072e-08,4.997963347772,2.808666551651,4.999999895702,1.82540254779
comp,S,d0.45,15,4.5e-06,2074,4.582099275725e-06,0.15703961201241273,4.582099275725e-06,1.033139883405e-08,4.99995372941,2.430805326413,4.999999895702,1.825402545995
comp,S,d0.75,15,1.9e-07,1640,1.949248910598e-07,0.22227398440332338,1.949248910598e-07,1.033139883405e-08,4.999998031715,2.11716750768,4.999999895702,1.825402545995
comp,S,riposo,15,1e-08,1236,1.033140012995e-08,0.2831836375677984,1.033140012995e-08,1.033140035871e-08,4.999999895702,1.825402558422,4.999999895702,1.825402560619
comp,P,riposo,15,1e-08,1236,1.033140035871e-08,0.2831838298925622,1.033140012995e-08,1.033140035871e-08,4.999999895702,1.825402558422,4.999999895702,1.825402560619
comp,P,d0.75,15,1.095445e-05,2196,1.112889787391e-05,0.13723159263047538,1.033140012995e-08,1.112889787391e-05,4.999999895702,1.825402558422,4.999887617845,2.519009146727
comp,P,d1,15,0.012,3156,0.009433626893245,-2.090051009172191,1.033140037059e-08,0.009433626893245,4.999999895702,1.825402560733,4.904727496647,3.282920904634
comp,S,cal_2mA,15,0.002,2910,0.001904787005156,-0.42367152204510017,0.001904787005156,1.033139821687e-08,4.980763766118,3.048724042606,4.999999895702,1.825402540088
comp,P,cal_2mA,15,0.002,2910,0.001904787005155,-0.4236715220496596,1.033140004576e-08,0.001904787005155,4.999999895702,1.825402557615,4.980763766118,3.048724042606
nocomp,S,d0,15,0.012,3179,0.01078288345124,-0.9289266992756372,0.01078288345124,7.506882940351e-09,4.891100538743,3.309690953496,4.999999924223,1.793678954556
nocomp,S,d0.1,15,0.0002,2598,0.0002061004676963,0.2609796329006383,0.0002061004676963,7.506882382143e-09,4.997918676978,2.810865714771,4.999999924223,1.793678947197
nocomp,S,d0.45,15,4.5e-06,2059,4.108433665361e-06,-0.7907246902790839,4.108433665361e-06,7.50688241139e-09,4.999958512597,2.419962880073,4.999999924223,1.793678947586
nocomp,S,d0.75,15,1.9e-07,1610,1.567067832789e-07,-1.673316100299337,1.567067832789e-07,7.50688241139e-09,4.999998417636,2.095490884468,4.999999924223,1.793678947586
nocomp,S,riposo,15,1e-08,1192,7.506883084127e-09,-2.490806959917242,7.506883084127e-09,7.506882572067e-09,4.999999924223,1.793678956485,4.999999924223,1.793678949688
nocomp,P,riposo,15,1e-08,1192,7.506882572067e-09,-2.4908075523997333,7.506883084127e-09,7.506882572067e-09,4.999999924223,1.793678956485,4.999999924223,1.793678949688
nocomp,P,d0.75,15,1.095445e-05,2186,1.034823563032e-05,-0.4944853668643811,7.506883084127e-09,1.034823563032e-05,4.999999924223,1.793678956485,4.999895501242,2.511777641208
nocomp,P,d1,15,0.012,3179,0.01078288345124,-0.9289266992756372,7.506882964084e-09,0.01078288345124,4.999999924223,1.793678954893,4.891100538743,3.309690953496
nocomp,S,cal_2mA,15,0.002,2925,0.002112961768686,0.4772328692345454,0.002112961768686,7.506881426051e-09,4.978661396224,3.061107652837,4.999999924223,1.793678934587
nocomp,P,cal_2mA,15,0.002,2925,0.002112961768686,0.4772328692345454,7.506883067014e-09,0.002112961768686,4.999999924223,1.79367895626,4.978661396224,3.061107652837
cal,S,d0,15,0.012,3198,0.01200874822948,0.0063298726304564425,0.01200874822948,1.033139921009e-08,4.878719703392,3.332644281749,4.999999895702,1.825402541757
cal,S,d0.1,15,0.0002,2595,0.0002016770510832,0.07252973615550486,0.0002016770510832,1.033139902072e-08,4.997963347772,2.808666551651,4.999999895702,1.82540254779
cal,S,d0.45,15,4.5e-06,2074,4.582099275725e-06,0.15703961201241273,4.582099275725e-06,1.033139883405e-08,4.99995372941,2.430805326413,4.999999895702,1.825402545995
cal,S,d0.75,15,1.9e-07,1640,1.949248910598e-07,0.22227398440332338,1.949248910598e-07,1.033139883405e-08,4.999998031715,2.11716750768,4.999999895702,1.825402545995
cal,S,riposo,15,1e-08,1236,1.033140012995e-08,0.2831836375677984,1.033140012995e-08,1.033140035871e-08,4.999999895702,1.825402558422,4.999999895702,1.825402560619
cal,P,riposo,15,1e-08,1236,1.033140035871e-08,0.2831838298925622,1.033140012995e-08,1.033140035871e-08,4.999999895702,1.825402558422,4.999999895702,1.825402560619
cal,P,d0.75,15,1.095445e-05,2196,1.112889787391e-05,0.13723159263047538,1.033140012995e-08,1.112889787391e-05,4.999999895702,1.825402558422,4.999887617845,2.519009146727
cal,P,d1,15,0.012,3198,0.01200874822948,0.0063298726304564425,1.033140037059e-08,0.01200874822948,4.999999895702,1.825402560733,4.878719703392,3.332644281749
cal,S,cal_2mA,15,0.002,2917,0.001999377916996,-0.002702092412459612,0.001999377916996,1.033139821687e-08,4.979808487166,3.05448374691,4.999999895702,1.825402540088
cal,P,cal_2mA,15,0.002,2917,0.001999377916996,-0.002702092412459612,1.033140004576e-08,0.001999377916996,4.999999895702,1.825402557615,4.979808487166,3.05448374691
comp,S,d0,25,0.012,3179,0.009507312799981,-2.0224692637043096,0.009507312799981,1.032949490411e-08,4.903983145142,3.312812190476,4.999999895722,1.806430265052
comp,S,d0.1,25,0.0002,2598,0.0002013294976949,0.05754828668942574,0.0002013294976949,1.032949490411e-08,4.997966857614,2.823585902817,4.999999895722,1.806430265052
comp,S,d0.45,25,4.5e-06,2059,4.576892207564e-06,0.14716341017520512,4.576892207564e-06,1.032949490411e-08,4.999953782064,2.432743554163,4.999999895722,1.806430265052
comp,S,d0.75,25,1.9e-07,1610,1.948231050007e-07,0.2177371939383442,1.948231050007e-07,1.032949490411e-08,4.999998032749,2.108285952978,4.999999895722,1.806430265052
comp,S,riposo,25,1e-08,1192,1.032949505242e-08,0.28158183928380787,1.032949505242e-08,1.032949490411e-08,4.999999895722,1.806430266531,4.999999895722,1.806430265052
comp,P,riposo,25,1e-08,1192,1.032949490411e-08,0.28158171457255204,1.032949505242e-08,1.032949490411e-08,4.999999895722,1.806430266531,4.999999895722,1.806430265052
comp,P,d0.75,25,1.095445e-05,2186,1.117576074172e-05,0.17373036213725207,1.032949505242e-08,1.117576074172e-05,4.999999895722,1.806430266531,4.999887144743,2.524555364041
comp,P,d1,25,0.012,3179,0.009507312799979,-2.0224692637061366,1.032949505242e-08,0.009507312799979,4.999999895722,1.806430266531,4.903983145142,3.312812190476
comp,S,cal_2mA,25,0.002,2925,0.001917821043337,-0.36443832079159194,0.001917821043337,1.032949490411e-08,4.980632116481,3.072395248198,4.999999895722,1.806430265052
comp,P,cal_2mA,25,0.002,2925,0.001917821043336,-0.3644383207961204,1.032949505242e-08,0.001917821043336,4.999999895722,1.806430266531,4.980632116481,3.072395248198
nocomp,S,d0,25,0.012,3179,0.009507312799981,-2.0224692637043096,0.009507312799981,1.032949490411e-08,4.903983145142,3.312812190476,4.999999895722,1.806430265052
nocomp,S,d0.1,25,0.0002,2598,0.0002013294976949,0.05754828668942574,0.0002013294976949,1.032949490411e-08,4.997966857614,2.823585902817,4.999999895722,1.806430265052
nocomp,S,d0.45,25,4.5e-06,2059,4.576892207564e-06,0.14716341017520512,4.576892207564e-06,1.032949490411e-08,4.999953782064,2.432743554163,4.999999895722,1.806430265052
nocomp,S,d0.75,25,1.9e-07,1610,1.948231050007e-07,0.2177371939383442,1.948231050007e-07,1.032949490411e-08,4.999998032749,2.108285952978,4.999999895722,1.806430265052
nocomp,S,riposo,25,1e-08,1192,1.032949505242e-08,0.28158183928380787,1.032949505242e-08,1.032949490411e-08,4.999999895722,1.806430266531,4.999999895722,1.806430265052
nocomp,P,riposo,25,1e-08,1192,1.032949490411e-08,0.28158171457255204,1.032949505242e-08,1.032949490411e-08,4.999999895722,1.806430266531,4.999999895722,1.806430265052
nocomp,P,d0.75,25,1.095445e-05,2186,1.117576074172e-05,0.17373036213725207,1.032949505242e-08,1.117576074172e-05,4.999999895722,1.806430266531,4.999887144743,2.524555364041
nocomp,P,d1,25,0.012,3179,0.009507312799979,-2.0224692637061366,1.032949505242e-08,0.009507312799979,4.999999895722,1.806430266531,4.903983145142,3.312812190476
nocomp,S,cal_2mA,25,0.002,2925,0.001917821043337,-0.36443832079159194,0.001917821043337,1.032949490411e-08,4.980632116481,3.072395248198,4.999999895722,1.806430265052
nocomp,P,cal_2mA,25,0.002,2925,0.001917821043336,-0.3644383207961204,1.032949505242e-08,0.001917821043336,4.999999895722,1.806430266531,4.980632116481,3.072395248198
cal,S,d0,25,0.012,3221,0.01202214719688,0.016015900728545498,0.01202214719688,1.025726809146e-08,4.878584168684,3.362079617344,4.999999896451,1.805709081799
cal,S,d0.1,25,0.0002,2598,0.0002013294976949,0.05754828668942574,0.0002013294976949,1.025726809146e-08,4.997966857614,2.823585902817,4.999999896451,1.805709081799
cal,S,d0.45,25,4.5e-06,2058,4.544829726878e-06,0.08610206283641085,4.544829726878e-06,1.025726809146e-08,4.999954105838,2.432020763679,4.999999896451,1.805709081799
cal,S,d0.75,25,1.9e-07,1609,1.93458249394e-07,0.1566730513269094,1.93458249394e-07,1.025726809146e-08,4.999998046531,2.107563432851,4.999999896451,1.805709081799
cal,S,riposo,25,1e-08,1191,1.025726837212e-08,0.22063437171941505,1.025726837212e-08,1.025726809146e-08,4.999999896451,1.80570908462,4.999999896451,1.805709081799
cal,P,riposo,25,1e-08,1191,1.025726809146e-08,0.22063413405557428,1.025726837212e-08,1.025726809146e-08,4.999999896451,1.80570908462,4.999999896451,1.805709081799
cal,P,d0.75,25,1.095445e-05,2185,1.109748671778e-05,0.11268112954799869,1.025726837212e-08,1.109748671778e-05,4.999999896451,1.80570908462,4.99988793518,2.523832254888
cal,P,d1,25,0.012,3221,0.01202214719688,0.016015900728545498,1.025726837212e-08,0.01202214719688,4.999999896451,1.80570908462,4.878584168684,3.362079617344
cal,S,cal_2mA,25,0.002,2931,0.001996498340798,-0.015220841130523298,0.001996498340798,1.025726809146e-08,4.979837548887,3.077313915565,4.999999896451,1.805709081799
cal,P,cal_2mA,25,0.002,2931,0.001996498340798,-0.015220841130523298,1.025726837212e-08,0.001996498340798,4.999999896451,1.80570908462,4.979837548887,3.077313915565
comp,S,d0,35,0.012,3202,0.009577543077645,-1.958542640574922,0.009577543077645,1.032825901729e-08,4.90327369321,3.342504412715,4.999999895736,1.787293315272
comp,S,d0.1,35,0.0002,2601,0.0002010076692271,0.043652642042543356,0.0002010076692271,1.032825901729e-08,4.997970107721,2.83833345013,4.999999895736,1.787293315272
comp,S,d0.45,35,4.5e-06,2044,4.572157187753e-06,0.13817277925665722,4.572157187753e-06,1.032825901729e-08,4.999953829953,2.434511328894,4.999999895736,1.787293315272
comp,S,d0.75,35,1.9e-07,1580,1.947357837066e-07,0.21384323511314285,1.947357837066e-07,1.032825901729e-08,4.999998033637,2.099235210791,4.999999895736,1.787293315272
comp,S,riposo,35,1e-08,1148,1.032825840708e-08,0.28054190384469346,1.032825840708e-08,1.032825901729e-08,4.999999895736,1.787293309074,4.999999895736,1.787293315272
comp,P,riposo,35,1e-08,1148,1.032825901729e-08,0.280542417020909,1.032825840708e-08,1.032825901729e-08,4.999999895736,1.787293309074,4.999999895736,1.787293315272
comp,P,d0.75,35,1.095445e-05,2175,1.114399387946e-05,0.14900574927911567,1.032825840708e-08,1.114399387946e-05,4.999999895736,1.787293309074,4.999887465673,2.529207632084
comp,P,d1,35,0.012,3202,0.009577543077642,-1.9585426405776432,1.032825840708e-08,0.009577543077642,4.999999895736,1.787293309074,4.90327369321,3.342504412715
comp,S,cal_2mA,35,0.002,2939,0.001917635320382,-0.36527950835242745,0.001917635320382,1.032825901729e-08,4.980633974389,3.095073187978,4.999999895736,1.787293315272
comp,P,cal_2mA,35,0.002,2939,0.00191763532038,-0.3652795083614862,1.032825840708e-08,0.00191763532038,4.999999895736,1.787293309074,4.980633974389,3.095073187978
nocomp,S,d0,35,0.012,3179,0.008415676194286,-3.081844580909844,0.008415676194286,1.392472581583e-08,4.91500806492,3.317149211843,4.99999985942,1.819028648901
nocomp,S,d0.1,35,0.0002,2598,0.0001969691705668,-0.13263479111227466,0.0001969691705668,1.392472581583e-08,4.99801089136,2.83613729747,4.99999985942,1.819028648901
nocomp,S,d0.45,35,4.5e-06,2059,5.0632370386e-06,1.0243149170896468,5.0632370386e-06,1.392472581583e-08,4.999948870917,2.445352616345,4.99999985942,1.819028648901
nocomp,S,d0.75,35,1.9e-07,1610,2.388168660464e-07,1.986227878350094,2.388168660464e-07,1.392472581583e-08,4.999997588513,2.12090972782,4.99999985942,1.819028648901
nocomp,S,riposo,35,1e-08,1192,1.392472670777e-08,2.8757336058601766,1.392472670777e-08,1.392472581583e-08,4.99999985942,1.81902865567,4.99999985942,1.819028648901
nocomp,P,riposo,35,1e-08,1192,1.392472581583e-08,2.8757330494907185,1.392472670777e-08,1.392472581583e-08,4.99999985942,1.81902865567,4.99999985942,1.819028648901
nocomp,P,d0.75,35,1.095445e-05,2186,1.200953864649e-05,0.7987149323457272,1.392472670777e-08,1.200953864649e-05,4.99999985942,1.81902865567,4.999878725108,2.537161392671
nocomp,P,d1,35,0.012,3179,0.008415676194284,-3.081844580911906,1.392472670777e-08,0.008415676194284,4.99999985942,1.81902865567,4.91500806492,3.317149211843
nocomp,S,cal_2mA,35,0.002,2925,0.00175057762541,-1.1569724465655393,0.00175057762541,1.392472581583e-08,4.982321101847,3.083721228757,4.99999985942,1.819028648901
nocomp,P,cal_2mA,35,0.002,2925,0.001750577625413,-1.156972446550654,1.392472670777e-08,0.001750577625413,4.99999985942,1.81902865567,4.982321101847,3.083721228757
cal,S,d0,35,0.012,3243,0.01197111882308,-0.020930089962012205,0.01197111882308,1.032825901729e-08,4.87909933646,3.390134669289,4.999999895736,1.787293315272
cal,S,d0.1,35,0.0002,2601,0.0002010076692271,0.043652642042543356,0.0002010076692271,1.032825901729e-08,4.997970107721,2.83833345013,4.999999895736,1.787293315272
cal,S,d0.45,35,4.5e-06,2044,4.572157187753e-06,0.13817277925665722,4.572157187753e-06,1.032825901729e-08,4.999953829953,2.434511328894,4.999999895736,1.787293315272
cal,S,d0.75,35,1.9e-07,1580,1.947357837066e-07,0.21384323511314285,1.947357837066e-07,1.032825901729e-08,4.999998033637,2.099235210791,4.999999895736,1.787293315272
cal,S,riposo,35,1e-08,1148,1.032825840708e-08,0.28054190384469346,1.032825840708e-08,1.032825901729e-08,4.999999895736,1.787293309074,4.999999895736,1.787293315272
cal,P,riposo,35,1e-08,1148,1.032825901729e-08,0.280542417020909,1.032825840708e-08,1.032825901729e-08,4.999999895736,1.787293309074,4.999999895736,1.787293315272
cal,P,d0.75,35,1.095445e-05,2174,1.106847023218e-05,0.0899404794475376,1.032825840708e-08,1.106847023218e-05,4.999999895736,1.787293309074,4.999888228336,2.528484584793
cal,P,d1,35,0.012,3243,0.01197111882308,-0.020930089962012205,1.032825840708e-08,0.01197111882308,4.999999895736,1.787293309074,4.87909933646,3.390134669289
cal,S,cal_2mA,35,0.002,2945,0.001993815096905,-0.02690231137255734,0.001993815096905,1.032825901729e-08,4.979864628414,3.099972901894,4.999999895736,1.787293315272
cal,P,cal_2mA,35,0.002,2945,0.001993815096908,-0.026902311359486928,1.032825840708e-08,0.001993815096908,4.999999895736,1.787293309074,4.979864628414,3.099972901894
comp,S,d0,45,0.012,3225,0.009644562488903,-1.8979742947600537,0.009644562488903,1.03276288239e-08,4.90259666906,3.372005046001,4.999999895743,1.767988188711
comp,S,d0.1,45,0.0002,2604,0.0002007091279473,0.030742566564638293,0.0002007091279473,1.03276288239e-08,4.997973122709,2.852914827079,4.999999895743,1.767988188711
comp,S,d0.45,45,4.5e-06,2030,4.59803880806e-06,0.18720237353321262,4.59803880806e-06,1.03276288239e-08,4.999953568669,2.436836993766,4.999999895743,1.767988188711
comp,S,d0.75,45,1.9e-07,1550,1.946615837182e-07,0.21053302825452608,1.946615837182e-07,1.03276288239e-08,4.999998034392,2.090020930912,4.999999895743,1.767988188711
comp,S,riposo,45,1e-08,1104,1.032762915822e-08,0.28001270013584756,1.032762915822e-08,1.03276288239e-08,4.999999895743,1.767988192258,4.999999895743,1.767988188711
comp,P,riposo,45,1e-08,1104,1.03276288239e-08,0.2800124189612787,1.032762915822e-08,1.03276288239e-08,4.999999895743,1.767988192258,4.999999895743,1.767988188711
comp,P,d0.75,45,1.095445e-05,2164,1.111457626714e-05,0.12604665701793138,1.032762915822e-08,1.111457626714e-05,4.999999895743,1.767988192258,4.999887762881,2.533694772908
comp,P,d1,45,0.012,3225,0.009644562488904,-1.8979742947591538,1.032762915822e-08,0.009644562488904,4.999999895743,1.767988192258,4.90259666906,3.372005046001
comp,S,cal_2mA,45,0.002,2953,0.001917473950647,-0.36601045999469195,0.001917473950647,1.03276288239e-08,4.980635586826,3.117584277623,4.999999895743,1.767988188711
comp,P,cal_2mA,45,0.002,2953,0.001917473950647,-0.36601045999469195,1.032762915822e-08,0.001917473950647,4.999999895743,1.767988192258,4.980635586826,3.117584277623
nocomp,S,d0,45,0.012,3179,0.007480581967737,-4.1049172001735945,0.007480581967737,1.842460328303e-08,4.924451959204,3.322501369964,4.999999813983,1.831475570889
nocomp,S,d0.1,45,0.0002,2598,0.0001929699498322,-0.3108062344873095,0.0001929699498322,1.842460328303e-08,4.998051278465,2.848525193381,4.999999813983,1.831475570889
nocomp,S,d0.45,45,4.5e-06,2059,5.565900820384e-06,1.846458990670975,5.565900820384e-06,1.842460328303e-08,4.999943794984,2.457795706894,4.999999813983,1.831475570889
nocomp,S,d0.75,45,1.9e-07,1610,2.89027318102e-07,3.6437058423204123,2.89027318102e-07,1.842460328303e-08,4.999997081504,2.133367758116,4.999999813983,1.831475570889
nocomp,S,riposo,45,1e-08,1192,1.842460377951e-08,5.307963142863128,1.842460377951e-08,1.842460328303e-08,4.999999813983,1.831475573775,4.999999813983,1.831475570889
nocomp,P,riposo,45,1e-08,1192,1.842460328303e-08,5.3079629088081335,1.842460377951e-08,1.842460328303e-08,4.999999813983,1.831475573775,4.999999813983,1.831475570889
nocomp,P,d0.75,45,1.095445e-05,2186,1.284747932992e-05,1.3845470040345513,1.842460377951e-08,1.284747932992e-05,4.999999813983,1.831475573775,4.999870263446,2.549601364343
nocomp,P,d1,45,0.012,3179,0.007480581967735,-4.104917200175916,1.842460377951e-08,0.007480581967735,4.999999813983,1.831475573775,4.924451959204,3.322501369964
nocomp,S,cal_2mA,45,0.002,2925,0.001606301862954,-1.9040566523808686,0.001606301862954,1.842460328303e-08,4.9837781371,3.09505387554,4.999999813983,1.831475570889
nocomp,P,cal_2mA,45,0.002,2925,0.001606301862955,-1.9040566523754607,1.842460377951e-08,0.001606301862955,4.999999813983,1.831475573775,4.9837781371,3.09505387554
cal,S,d0,45,0.012,3266,0.01198483829937,-0.010981343655119363,0.01198483829937,1.03276288239e-08,4.878960570861,3.419232130325,4.999999895743,1.767988188711
cal,S,d0.1,45,0.0002,2605,0.0002020286833112,0.0876607548047874,0.0002020286833112,1.03276288239e-08,4.99795979689,2.853646646147,4.999999895743,1.767988188711
cal,S,d0.45,45,4.5e-06,2029,4.56784970406e-06,0.1299858421595713,4.56784970406e-06,1.03276288239e-08,4.999953873525,2.436114301435,4.999999895743,1.767988188711
cal,S,d0.75,45,1.9e-07,1550,1.946615837182e-07,0.21053302825452608,1.946615837182e-07,1.03276288239e-08,4.999998034392,2.090020930912,4.999999895743,1.767988188711
cal,S,riposo,45,1e-08,1104,1.032762915822e-08,0.28001270013584756,1.032762915822e-08,1.03276288239e-08,4.999999895743,1.767988192258,4.999999895743,1.767988188711
cal,P,riposo,45,1e-08,1104,1.03276288239e-08,0.2800124189612787,1.032762915822e-08,1.03276288239e-08,4.999999895743,1.767988192258,4.999999895743,1.767988188711
cal,P,d0.75,45,1.095445e-05,2164,1.111457626714e-05,0.12604665701793138,1.032762915822e-08,1.111457626714e-05,4.999999895743,1.767988192258,4.999887762881,2.533694772908
cal,P,d1,45,0.012,3266,0.01198483829938,-0.01098134364787293,1.032762915822e-08,0.01198483829938,4.999999895743,1.767988192258,4.878960570861,3.419232130325
cal,S,cal_2mA,45,0.002,2960,0.002003877916294,0.01682526999669597,0.002003877916294,1.03276288239e-08,4.979762984706,3.123281829452,4.999999895743,1.767988188711
cal,P,cal_2mA,45,0.002,2960,0.002003877916293,0.016825269992361044,1.032762915822e-08,0.002003877916293,4.999999895743,1.767988192258,4.979762984706,3.123281829452
comp,S,d0,60,0.012,3259,0.009714265025514,-1.8354259657019436,0.009714265025514,1.032773155033e-08,4.901892469994,3.415360456363,4.999999895744,1.738742569106
comp,S,d0.1,60,0.0002,2609,0.0002009281945431,0.04021772415905172,0.0002009281945431,1.032773155033e-08,4.997970910661,2.874852436227,4.999999895744,1.738742569106
comp,S,d0.45,60,4.5e-06,2007,4.576476942599e-06,0.14637529694611018,4.576476942599e-06,1.032773234836e-08,4.999953786519,2.43858256201,4.999999895744,1.738742777017
comp,S,d0.75,60,1.9e-07,1506,1.958001621525e-07,0.2611889235347094,1.958001621525e-07,1.032773155033e-08,4.999998022905,2.076626755112,4.999999895744,1.738742569106
comp,S,riposo,60,1e-08,1038,1.032773173642e-08,0.28009897148487223,1.032773173642e-08,1.032773155033e-08,4.999999895744,1.738742571174,4.999999895744,1.738742569106
comp,P,riposo,60,1e-08,1038,1.032773155033e-08,0.2800988149783644,1.032773173642e-08,1.032773155033e-08,4.999999895744,1.738742571174,4.999999895744,1.738742569106
comp,P,d0.75,60,1.095445e-05,2149,1.117934189912e-05,0.17651322014678575,1.032773224594e-08,1.117934189912e-05,4.999999895744,1.73874277588,4.999887109072,2.541211717685
comp,P,d1,60,0.012,3259,0.009714265025509,-1.8354259657064131,1.032773173642e-08,0.009714265025509,4.999999895744,1.738742571174,4.901892469994,3.415360456363
comp,S,cal_2mA,60,0.002,2975,0.001928866763526,-0.3145553175183022,0.001928866763526,1.032773155033e-08,4.980520504492,3.151857742899,4.999999895744,1.738742569106
comp,P,cal_2mA,60,0.002,2975,0.001928866763527,-0.3145553175137987,1.032773173642e-08,0.001928866763527,4.999999895744,1.738742571174,4.980520504492,3.151857742899
nocomp,S,d0,60,0.012,3179,0.0063201743176,-5.569043785280266,0.0063201743176,2.717682831143e-08,4.936171339818,3.332058077395,4.999999725609,1.849863154716
nocomp,S,d0.1,60,0.0002,2598,0.0001875580612355,-0.5578852164471042,0.0001875580612355,2.717682831143e-08,4.99810593187,2.866811326231,4.999999725609,1.849863154716
nocomp,S,d0.45,60,4.5e-06,2059,6.347187139734e-06,2.9873757883165326,6.347187139734e-06,2.717682749977e-08,4.999935905511,2.476160620526,4.999999725609,1.849854601812
nocomp,S,d0.75,60,1.9e-07,1610,3.766476265862e-07,5.943632683074329,3.766476265862e-07,2.717682831143e-08,4.999996196741,2.151755384102,4.999999725609,1.849863154716
nocomp,S,riposo,60,1e-08,1192,2.717682828949e-08,8.683975407937924,2.717682828949e-08,2.717682831143e-08,4.999999725609,1.849863154655,4.999999725609,1.849863154716
nocomp,P,riposo,60,1e-08,1192,2.717682831143e-08,8.683975414950089,2.717682828949e-08,2.717682831143e-08,4.999999725609,1.849863154655,4.999999725609,1.849863154716
nocomp,P,d0.75,60,1.095445e-05,2186,1.410816793389e-05,2.1976008628091916,2.717682622763e-08,1.410816793389e-05,4.999999725609,1.849854596444,4.999857532821,2.567961435307
nocomp,P,d1,60,0.012,3179,0.006320174317602,-5.569043785277518,2.717682828949e-08,0.006320174317602,4.999999725609,1.849863154655,4.936171339818,3.332058077395
nocomp,S,cal_2mA,60,0.002,2925,0.001424577368716,-2.9468790987864146,0.001424577368716,2.717682831143e-08,4.985613364948,3.112013382007,4.999999725609,1.849863154716
nocomp,P,cal_2mA,60,0.002,2925,0.001424577368717,-2.946879098780317,2.717682828949e-08,0.001424577368717,4.999999725609,1.849863154655,4.985613364948,3.112013382007
cal,S,d0,60,0.012,3300,0.01197431715447,-0.018609785276747857,0.01197431715447,1.026309957827e-08,4.879066534094,3.461980768889,4.999999896396,1.738021607822
cal,S,d0.1,60,0.0002,2609,0.0002009281945431,0.04021772415905172,0.0002009281945431,1.026309957827e-08,4.997970910661,2.874852436227,4.999999896396,1.738021607822
cal,S,d0.45,60,4.5e-06,2006,4.547780384745e-06,0.09173940770822904,4.547780384745e-06,1.026309982398e-08,4.999954076302,2.437859943851,4.999999896396,1.738021812104
cal,S,d0.75,60,1.9e-07,1504,1.933522817367e-07,0.1519140113036319,1.933522817367e-07,1.026309957827e-08,4.999998047623,2.075182019923,4.999999896396,1.738021607822
cal,S,riposo,60,1e-08,1037,1.026309938039e-08,0.2255706863396887,1.026309938039e-08,1.026309957827e-08,4.999999896396,1.738021605607,4.999999896396,1.738021607822
cal,P,riposo,60,1e-08,1037,1.026309957827e-08,0.2255708538099385,1.026309938039e-08,1.026309957827e-08,4.999999896396,1.738021605607,4.999999896396,1.738021607822
cal,P,d0.75,60,1.095445e-05,2148,1.110925491577e-05,0.12188709773869469,1.026309887731e-08,1.110925491577e-05,4.999999896396,1.738021801522,4.999887816832,2.540488814853
cal,P,d1,60,0.012,3300,0.01197431715447,-0.018609785276747857,1.026309938039e-08,0.01197431715447,4.999999896396,1.738021605607,4.879066534094,3.461980768889
cal,S,cal_2mA,60,0.002,2981,0.001999855618747,-0.0006270624489705153,0.001999855618747,1.026309957827e-08,4.979803579664,3.156718018977,4.999999896396,1.738021607822
cal,P,cal_2mA,60,0.002,2981,0.001999855618746,-0.0006270624533141598,1.026309938039e-08,0.001999855618746,4.999999896396,1.738021605607,4.979803579664,3.156718018977
dac_reset,S,riposo,15,1e-08,-1,2.073073199429e-09,-13.66770725723674,2.073073199429e-09,2.073073179288e-09,4.999999979092,1.66584657146,4.999999979092,1.665846570165
dac_reset,S,riposo,25,1e-08,-1,2.97246547458e-09,-10.537663620890012,2.97246547458e-09,2.972463962703e-09,4.999999970011,1.678398399687,4.999999970011,1.678398347449
dac_reset,S,riposo,35,1e-08,-1,4.167050038373e-09,-7.603425689156334,4.167050038373e-09,4.167049601698e-09,4.999999957949,1.69086848651,4.999999957949,1.690868475424
dac_reset,S,riposo,45,1e-08,-1,5.72204156304e-09,-4.848979838922127,5.72204156304e-09,5.722041264112e-09,4.999999942248,1.70323416311,4.999999942248,1.703234157383
dac_reset,S,riposo,60,1e-08,-1,8.889951708627e-09,-1.0220119633488873,8.889951708627e-09,8.889951139938e-09,4.999999910262,1.721526150021,4.999999910262,1.721526142683
