cf,cm,mode,rload,rsrc,cprobe,fcross_hz,pm_deg,tdb_10hz
330p,470p,0,100k,1m,1f,889301,66.2427,81.4173
330p,470p,0,100k,1m,470p,903643,63.585,81.4173
330p,470p,0,100k,1m,1n,906199,60.7763,81.4173
330p,470p,0,100k,1m,1.5n,896588,58.7536,81.4173
330p,470p,0,100k,1m,2.2n,873176,57.0717,81.4173
330p,470p,0,100k,1m,2.7n,854926,56.4907,81.4173
330p,470p,0,100k,1m,3.3n,834369,56.2233,81.4173
330p,470p,0,100k,1m,4.7n,796118,56.5021,81.4173
330p,470p,0,100k,2.611k,1f,888996,65.5209,81.4173
330p,470p,0,100k,2.611k,470p,903311,62.8532,81.4173
330p,470p,0,100k,2.611k,1n,905868,60.0437,81.4173
330p,470p,0,100k,2.611k,1.5n,896274,58.0291,81.4173
330p,470p,0,100k,2.611k,2.2n,872900,56.3655,81.4173
330p,470p,0,100k,2.611k,2.7n,854676,55.7985,81.4173
330p,470p,0,100k,2.611k,3.3n,834141,55.547,81.4173
330p,470p,0,100k,2.611k,4.7n,795924,55.8555,81.4173
330p,470p,0,10k,1m,1f,888135,66.2298,81.2287
330p,470p,0,10k,1m,470p,902263,63.6035,81.2287
330p,470p,0,10k,1m,1n,904866,60.825,81.2288
330p,470p,0,10k,1m,1.5n,895483,58.817,81.2288
330p,470p,0,10k,1m,2.2n,872463,57.1361,81.2288
330p,470p,0,10k,1m,2.7n,854438,56.5495,81.2289
330p,470p,0,10k,1m,3.3n,834070,56.2741,81.2289
330p,470p,0,10k,1m,4.7n,796052,56.5363,81.229
330p,470p,0,10k,2.611k,1f,887831,65.509,81.2287
330p,470p,0,10k,2.611k,470p,901932,62.8728,81.2287
330p,470p,0,10k,2.611k,1n,904535,60.0934,81.2288
330p,470p,0,10k,2.611k,1.5n,895169,58.0934,81.2288
330p,470p,0,10k,2.611k,2.2n,872188,56.4304,81.2288
330p,470p,0,10k,2.611k,2.7n,854187,55.8577,81.2289
330p,470p,0,10k,2.611k,3.3n,833843,55.598,81.2289
330p,470p,0,10k,2.611k,4.7n,795858,55.8897,81.229
330p,470p,10,100k,1m,1f,487045,107.794,70.4452
330p,470p,10,100k,1m,470p,491725,106.587,70.4452
330p,470p,10,100k,1m,1n,493277,105.264,70.4452
330p,470p,10,100k,1m,1.5n,491010,104.14,70.4452
330p,470p,10,100k,1m,2.2n,483083,102.847,70.4452
330p,470p,10,100k,1m,2.7n,475232,102.135,70.4452
330p,470p,10,100k,1m,3.3n,464750,101.478,70.4452
330p,470p,10,100k,1m,4.7n,440326,100.549,70.4452
330p,470p,10,100k,2.611k,1f,486945,107.397,70.4452
330p,470p,10,100k,2.611k,470p,491618,106.187,70.4452
330p,470p,10,100k,2.611k,1n,493169,104.863,70.4452
330p,470p,10,100k,2.611k,1.5n,490905,103.741,70.4452
330p,470p,10,100k,2.611k,2.2n,482987,102.454,70.4452
330p,470p,10,100k,2.611k,2.7n,475145,101.748,70.4452
330p,470p,10,100k,2.611k,3.3n,464672,101.099,70.4452
330p,470p,10,100k,2.611k,4.7n,440264,100.19,70.4452
330p,470p,10,10k,1m,1f,485853,107.795,70.2775
330p,470p,10,10k,1m,470p,490426,106.605,70.2775
330p,470p,10,10k,1m,1n,491975,105.298,70.2776
330p,470p,10,10k,1m,1.5n,489779,104.186,70.2776
330p,470p,10,10k,1m,2.2n,482056,102.901,70.2776
330p,470p,10,10k,1m,2.7n,474370,102.19,70.2777
330p,470p,10,10k,1m,3.3n,464065,101.533,70.2777
330p,470p,10,10k,1m,4.7n,439946,100.599,70.2778
330p,470p,10,10k,2.611k,1f,485753,107.399,70.2775
330p,470p,10,10k,2.611k,470p,490319,106.206,70.2775
330p,470p,10,10k,2.611k,1n,491868,104.898,70.2776
330p,470p,10,10k,2.611k,1.5n,489677,103.788,70.2776
330p,470p,10,10k,2.611k,2.2n,481960,102.509,70.2776
330p,470p,10,10k,2.611k,2.7n,474283,101.804,70.2777
330p,470p,10,10k,2.611k,3.3n,463987,101.155,70.2777
330p,470p,10,10k,2.611k,4.7n,439884,100.24,70.2778
390p,470p,0,100k,1m,1f,899497,66.2682,81.4173
390p,470p,0,100k,1m,470p,914358,63.5569,81.4173
390p,470p,0,100k,1m,1n,916980,60.7032,81.4173
390p,470p,0,100k,1m,1.5n,906882,58.6729,81.4173
390p,470p,0,100k,1m,2.2n,882599,57.0175,81.4173
390p,470p,0,100k,1m,2.7n,863767,56.4663,81.4173
390p,470p,0,100k,1m,3.3n,842685,56.2332,81.4173
390p,470p,0,100k,1m,4.7n,803658,56.5746,81.4173
390p,470p,0,100k,2.611k,1f,899177,65.5387,81.4173
390p,470p,0,100k,2.611k,470p,914009,62.8172,81.4173
390p,470p,0,100k,2.611k,1n,916631,59.9627,81.4173
390p,470p,0,100k,2.611k,1.5n,906560,57.9406,81.4173
390p,470p,0,100k,2.611k,2.2n,882317,56.3041,81.4173
390p,470p,0,100k,2.611k,2.7n,863510,55.7674,81.4173
390p,470p,0,100k,2.611k,3.3n,842453,55.5506,81.4173
390p,470p,0,100k,2.611k,4.7n,803460,55.9222,81.4173
390p,470p,0,10k,1m,1f,898291,66.2563,81.2287
390p,470p,0,10k,1m,470p,912926,63.5774,81.2287
390p,470p,0,10k,1m,1n,915599,60.7544,81.2288
390p,470p,0,10k,1m,1.5n,905772,58.7373,81.2288
390p,470p,0,10k,1m,2.2n,881888,57.0823,81.2288
390p,470p,0,10k,1m,2.7n,863282,56.5254,81.2289
390p,470p,0,10k,1m,3.3n,842391,56.2839,81.2289
390p,470p,0,10k,1m,4.7n,803594,56.6085,81.229
390p,470p,0,10k,2.611k,1f,897972,65.5279,81.2287
390p,470p,0,10k,2.611k,470p,912578,62.8388,81.2287
390p,470p,0,10k,2.611k,1n,915251,60.0149,81.2288
390p,470p,0,10k,2.611k,1.5n,905452,58.0059,81.2288
390p,470p,0,10k,2.611k,2.2n,881607,56.3695,81.2288
390p,470p,0,10k,2.611k,2.7n,863025,55.8268,81.2289
390p,470p,0,10k,2.611k,3.3n,842158,55.6015,81.2289
390p,470p,0,10k,2.611k,4.7n,803397,55.9561,81.229
390p,470p,10,100k,1m,1f,584425,105.021,70.4452
390p,470p,10,100k,1m,470p,592522,103.358,70.4452
390p,470p,10,100k,1m,1n,594925,101.667,70.4452
390p,470p,10,100k,1m,1.5n,590591,100.403,70.4452
390p,470p,10,100k,1m,2.2n,576834,99.2357,70.4452
390p,470p,10,100k,1m,2.7n,564146,98.7629,70.4452
390p,470p,10,100k,1m,3.3n,548061,98.4746,70.4452
390p,470p,10,100k,1m,4.7n,513074,98.4566,70.4452
390p,470p,10,100k,2.611k,1f,584251,104.548,70.4452
390p,470p,10,100k,2.611k,470p,592335,102.88,70.4452
390p,470p,10,100k,2.611k,1n,594736,101.188,70.4452
390p,470p,10,100k,2.611k,1.5n,590408,99.9275,70.4452
390p,470p,10,100k,2.611k,2.2n,576670,98.7706,70.4452
390p,470p,10,100k,2.611k,2.7n,563999,98.3075,70.4452
390p,470p,10,100k,2.611k,3.3n,547932,98.0313,70.4452
390p,470p,10,100k,2.611k,4.7n,512973,98.0405,70.4452
390p,470p,10,10k,1m,1f,582964,105.046,70.2775
390p,470p,10,10k,1m,470p,590912,103.407,70.2775
390p,470p,10,10k,1m,1n,593317,101.736,70.2776
390p,470p,10,10k,1m,1.5n,589113,100.483,70.2776
390p,470p,10,10k,1m,2.2n,575663,99.3177,70.2776
390p,470p,10,10k,1m,2.7n,563200,98.8406,70.2777
390p,470p,10,10k,1m,3.3n,547356,98.5443,70.2777
390p,470p,10,10k,1m,4.7n,512728,98.5101,70.2778
390p,470p,10,10k,2.611k,1f,582791,104.574,70.2775
390p,470p,10,10k,2.611k,470p,590726,102.93,70.2775
390p,470p,10,10k,2.611k,1n,593129,101.258,70.2776
390p,470p,10,10k,2.611k,1.5n,588931,100.009,70.2776
390p,470p,10,10k,2.611k,2.2n,575501,98.8535,70.2776
390p,470p,10,10k,2.611k,2.7n,563053,98.386,70.2777
390p,470p,10,10k,2.611k,3.3n,547227,98.1016,70.2777
390p,470p,10,10k,2.611k,4.7n,512628,98.0941,70.2778
470p,470p,0,100k,1m,1f,909920,66.2147,81.4173
470p,470p,0,100k,1m,470p,925470,63.444,81.4173
470p,470p,0,100k,1m,1n,928078,60.546,81.4173
470p,470p,0,100k,1m,1.5n,917478,58.5078,81.4173
470p,470p,0,100k,1m,2.2n,892241,56.8818,81.4173
470p,470p,0,100k,1m,2.7n,872866,56.3593,81.4173
470p,470p,0,100k,1m,3.3n,851246,56.1609,81.4173
470p,470p,0,100k,1m,4.7n,811487,56.564,81.4173
470p,470p,0,100k,2.611k,1f,909595,65.4772,81.4173
470p,470p,0,100k,2.611k,470p,925114,62.6957,81.4173
470p,470p,0,100k,2.611k,1n,927722,59.7969,81.4173
470p,470p,0,100k,2.611k,1.5n,917141,57.7677,81.4173
470p,470p,0,100k,2.611k,2.2n,891947,56.1613,81.4173
470p,470p,0,100k,2.611k,2.7n,872599,55.6536,81.4173
470p,470p,0,100k,2.611k,3.3n,851007,55.4718,81.4173
470p,470p,0,100k,2.611k,4.7n,811286,55.9056,81.4173
470p,470p,0,10k,1m,1f,908708,66.2031,81.2287
470p,470p,0,10k,1m,470p,924026,63.4653,81.2287
470p,470p,0,10k,1m,1n,926687,60.5983,81.2288
470p,470p,0,10k,1m,1.5n,916338,58.5743,81.2288
470p,470p,0,10k,1m,2.2n,891518,56.9477,81.2288
470p,470p,0,10k,1m,2.7n,872375,56.4188,81.2289
470p,470p,0,10k,1m,3.3n,850955,56.2116,81.2289
470p,470p,0,10k,1m,4.7n,811427,56.5975,81.229
470p,470p,0,10k,2.611k,1f,908383,65.4666,81.2287
470p,470p,0,10k,2.611k,470p,923671,62.7182,81.2287
470p,470p,0,10k,2.611k,1n,926332,59.8504,81.2288
470p,470p,0,10k,2.611k,1.5n,916003,57.8351,81.2288
470p,470p,0,10k,2.611k,2.2n,891225,56.2278,81.2288
470p,470p,0,10k,2.611k,2.7n,872108,55.7135,81.2289
470p,470p,0,10k,2.611k,3.3n,850718,55.5226,81.2289
470p,470p,0,10k,2.611k,4.7n,811226,55.9391,81.229
470p,470p,10,100k,1m,1f,692090,99.0932,70.4452
470p,470p,10,100k,1m,470p,703512,96.912,70.4452
470p,470p,10,100k,1m,1n,706353,94.8144,70.4452
470p,470p,10,100k,1m,1.5n,699571,93.4162,70.4452
470p,470p,10,100k,1m,2.2n,680155,92.4128,70.4452
470p,470p,10,100k,1m,2.7n,663337,92.2021,70.4452
470p,470p,10,100k,1m,3.3n,642928,92.2913,70.4452
470p,470p,10,100k,1m,4.7n,600770,93.171,70.4452
470p,470p,10,100k,2.611k,1f,691841,98.5372,70.4452
470p,470p,10,100k,2.611k,470p,703247,96.3481,70.4452
470p,470p,10,100k,2.611k,1n,706086,94.2492,70.4452
470p,470p,10,100k,2.611k,1.5n,699316,92.8566,70.4452
470p,470p,10,100k,2.611k,2.2n,679930,91.868,70.4452
470p,470p,10,100k,2.611k,2.7n,663133,91.67,70.4452
470p,470p,10,100k,2.611k,3.3n,642747,91.7745,70.4452
470p,470p,10,100k,2.611k,4.7n,600627,92.6864,70.4452
470p,470p,10,10k,1m,1f,690583,99.1284,70.2775
470p,470p,10,10k,1m,470p,701827,96.9755,70.2775
470p,470p,10,10k,1m,1n,704686,94.9015,70.2776
470p,470p,10,10k,1m,1.5n,698093,93.5129,70.2776
470p,470p,10,10k,1m,2.2n,679056,92.5056,70.2776
470p,470p,10,10k,1m,2.7n,662489,92.2865,70.2777
470p,470p,10,10k,1m,3.3n,642327,92.3641,70.2777
470p,470p,10,10k,1m,4.7n,600521,93.2215,70.2778
470p,470p,10,10k,2.611k,1f,690339,98.5734,70.2775
470p,470p,10,10k,2.611k,470p,701564,96.4129,70.2775
470p,470p,10,10k,2.611k,1n,704420,94.3375,70.2776
470p,470p,10,10k,2.611k,1.5n,697838,92.9544,70.2776
470p,470p,10,10k,2.611k,2.2n,678831,91.9616,70.2776
470p,470p,10,10k,2.611k,2.7n,662286,91.755,70.2777
470p,470p,10,10k,2.611k,3.3n,642147,91.8478,70.2777
470p,470p,10,10k,2.611k,4.7n,600377,92.7371,70.2778
560p,470p,0,100k,1m,1f,918750,66.1129,81.4173
560p,470p,0,100k,1m,470p,934722,63.2964,81.4173
560p,470p,0,100k,1m,1n,937384,60.359,81.4173
560p,470p,0,100k,1m,1.5n,926378,58.3136,81.4173
560p,470p,0,100k,1m,2.2n,900433,56.7088,81.4173
560p,470p,0,100k,1m,2.7n,880598,56.2104,81.4173
560p,470p,0,100k,1m,3.3n,858577,56.0394,81.4173
560p,470p,0,100k,1m,4.7n,818215,56.4929,81.4173
560p,470p,0,100k,2.611k,1f,918410,65.3688,81.4173
560p,470p,0,100k,2.611k,470p,934350,62.5413,81.4173
560p,470p,0,100k,2.611k,1n,937013,59.6032,81.4173
560p,470p,0,100k,2.611k,1.5n,926036,57.5667,81.4173
560p,470p,0,100k,2.611k,2.2n,900135,55.9821,81.4173
560p,470p,0,100k,2.611k,2.7n,880327,55.4988,81.4173
560p,470p,0,100k,2.611k,3.3n,858331,55.3447,81.4173
560p,470p,0,100k,2.611k,4.7n,818007,55.8295,81.4173
560p,470p,0,10k,1m,1f,917500,66.1021,81.2287
560p,470p,0,10k,1m,470p,933230,63.3195,81.2287
560p,470p,0,10k,1m,1n,935951,60.4136,81.2288
560p,470p,0,10k,1m,1.5n,925237,58.3809,81.2288
560p,470p,0,10k,1m,2.2n,899714,56.775,81.2288
560p,470p,0,10k,1m,2.7n,880112,56.2699,81.2289
560p,470p,0,10k,1m,3.3n,858286,56.09,81.2289
560p,470p,0,10k,1m,4.7n,818157,56.5262,81.229
560p,470p,0,10k,2.611k,1f,917162,65.359,81.2287
560p,470p,0,10k,2.611k,470p,932870,62.5652,81.2287
560p,470p,0,10k,2.611k,1n,935581,59.6589,81.2288
560p,470p,0,10k,2.611k,1.5n,924896,57.6349,81.2288
560p,470p,0,10k,2.611k,2.2n,899416,56.0488,81.2288
560p,470p,0,10k,2.611k,2.7n,879841,55.5587,81.2289
560p,470p,0,10k,2.611k,3.3n,858040,55.3956,81.2289
560p,470p,0,10k,2.611k,4.7n,817948,55.8628,81.229
560p,470p,10,100k,1m,1f,769532,93.2793,70.4452
560p,470p,10,100k,1m,470p,782839,90.7649,70.4452
560p,470p,10,100k,1m,1n,785672,88.3863,70.4452
560p,470p,10,100k,1m,1.5n,777097,86.8821,70.4452
560p,470p,10,100k,1m,2.2n,754475,85.9296,70.4452
560p,470p,10,100k,1m,2.7n,735717,85.8299,70.4452
560p,470p,10,100k,1m,3.3n,713614,86.0807,70.4452
560p,470p,10,100k,1m,4.7n,669621,87.3364,70.4452
560p,470p,10,100k,2.611k,1f,769243,92.6622,70.4452
560p,470p,10,100k,2.611k,470p,782526,90.1388,70.4452
560p,470p,10,100k,2.611k,1n,785358,87.7591,70.4452
560p,470p,10,100k,2.611k,1.5n,776798,86.2618,70.4452
560p,470p,10,100k,2.611k,2.2n,754216,85.3264,70.4452
560p,470p,10,100k,2.611k,2.7n,735482,85.2408,70.4452
560p,470p,10,100k,2.611k,3.3n,713403,85.5083,70.4452
560p,470p,10,100k,2.611k,4.7n,669448,86.7976,70.4452
560p,470p,10,10k,1m,1f,768074,93.3117,70.2775
560p,470p,10,10k,1m,470p,781177,90.8287,70.2775
560p,470p,10,10k,1m,1n,784044,88.4758,70.2776
560p,470p,10,10k,1m,1.5n,775700,86.9799,70.2776
560p,470p,10,10k,1m,2.2n,753495,86.0207,70.2776
560p,470p,10,10k,1m,2.7n,734990,85.911,70.2777
560p,470p,10,10k,1m,3.3n,713120,86.1493,70.2777
560p,470p,10,10k,1m,4.7n,669447,87.3816,70.2778
560p,470p,10,10k,2.611k,1f,767786,92.6957,70.2775
560p,470p,10,10k,2.611k,470p,780866,90.2039,70.2775
560p,470p,10,10k,2.611k,1n,783731,87.8498,70.2776
560p,470p,10,10k,2.611k,1.5n,775406,86.3606,70.2776
560p,470p,10,10k,2.611k,2.2n,753236,85.4182,70.2776
560p,470p,10,10k,2.611k,2.7n,734755,85.3225,70.2776
560p,470p,10,10k,2.611k,3.3n,712909,85.5773,70.2777
560p,470p,10,10k,2.611k,4.7n,669275,86.8429,70.2778
680p,470p,0,100k,1m,1f,927262,65.9722,81.4173
680p,470p,0,100k,1m,470p,943782,63.1076,81.4173
680p,470p,0,100k,1m,1n,946422,60.134,81.4173
680p,470p,0,100k,1m,1.5n,934944,58.0844,81.4173
680p,470p,0,100k,1m,2.2n,908301,56.5002,81.4173
680p,470p,0,100k,1m,2.7n,888038,56.0238,81.4173
680p,470p,0,100k,1m,3.3n,865648,55.8779,81.4173
680p,470p,0,100k,1m,4.7n,824768,56.3772,81.4173
680p,470p,0,100k,2.611k,1f,926918,65.2215,81.4173
680p,470p,0,100k,2.611k,470p,943406,62.3455,81.4173
680p,470p,0,100k,2.611k,1n,946046,59.3712,81.4173
680p,470p,0,100k,2.611k,1.5n,934589,57.3312,81.4173
680p,470p,0,100k,2.611k,2.2n,907999,55.7674,81.4173
680p,470p,0,100k,2.611k,2.7n,887764,55.3065,81.4173
680p,470p,0,100k,2.611k,3.3n,865400,55.1778,81.4173
680p,470p,0,100k,2.611k,4.7n,824557,55.7086,81.4173
680p,470p,0,10k,1m,1f,926009,65.9616,81.2287
680p,470p,0,10k,1m,470p,942283,63.1313,81.2287
680p,470p,0,10k,1m,1n,944984,60.1894,81.2288
680p,470p,0,10k,1m,1.5n,933776,58.1533,81.2288
680p,470p,0,10k,1m,2.2n,907586,56.5666,81.2288
680p,470p,0,10k,1m,2.7n,887558,56.0834,81.2289
680p,470p,0,10k,1m,3.3n,865362,55.9284,81.2289
680p,470p,0,10k,1m,4.7n,824712,56.4101,81.229
680p,470p,0,10k,2.611k,1f,925667,65.2118,81.2287
680p,470p,0,10k,2.611k,470p,941908,62.3703,81.2287
680p,470p,0,10k,2.611k,1n,944609,59.4277,81.2288
680p,470p,0,10k,2.611k,1.5n,933422,57.4011,81.2288
680p,470p,0,10k,2.611k,2.2n,907284,55.8344,81.2288
680p,470p,0,10k,2.611k,2.7n,887284,55.3664,81.2289
680p,470p,0,10k,2.611k,3.3n,865114,55.2285,81.2289
680p,470p,0,10k,2.611k,4.7n,824501,55.7416,81.229
680p,470p,10,100k,1m,1f,829103,87.7405,70.4452
680p,470p,10,100k,1m,470p,843681,85.0023,70.4452
680p,470p,10,100k,1m,1n,846328,82.415,70.4452
680p,470p,10,100k,1m,1.5n,836449,80.8087,70.4452
680p,470p,10,100k,1m,2.2n,811744,79.8368,70.4452
680p,470p,10,100k,1m,2.7n,791978,79.7632,70.4452
680p,470p,10,100k,1m,3.3n,769239,80.0585,70.4452
680p,470p,10,100k,1m,4.7n,725309,81.4135,70.4452
680p,470p,10,100k,2.611k,1f,828788,87.0755,70.4452
680p,470p,10,100k,2.611k,470p,843340,84.3275,70.4452
680p,470p,10,100k,2.611k,1n,845985,81.7393,70.4452
680p,470p,10,100k,2.611k,1.5n,836124,80.1411,70.4452
680p,470p,10,100k,2.611k,2.2n,811464,79.1878,70.4452
680p,470p,10,100k,2.611k,2.7n,791724,79.1291,70.4452
680p,470p,10,100k,2.611k,3.3n,769010,79.4415,70.4452
680p,470p,10,100k,2.611k,4.7n,725116,80.8301,70.4452
680p,470p,10,10k,1m,1f,827709,87.766,70.2775
680p,470p,10,10k,1m,470p,842070,85.0613,70.2775
680p,470p,10,10k,1m,1n,844763,82.501,70.2776
680p,470p,10,10k,1m,1.5n,835130,80.9032,70.2776
680p,470p,10,10k,1m,2.2n,810864,79.9234,70.2776
680p,470p,10,10k,1m,2.7n,791346,79.8394,70.2776
680p,470p,10,10k,1m,3.3n,768829,80.122,70.2777
680p,470p,10,10k,1m,4.7n,725187,81.454,70.2778
680p,470p,10,10k,2.611k,1f,827395,87.1021,70.2775
680p,470p,10,10k,2.611k,470p,841730,84.3877,70.2775
680p,470p,10,10k,2.611k,1n,844422,81.8265,70.2776
680p,470p,10,10k,2.611k,1.5n,834807,80.2365,70.2776
680p,470p,10,10k,2.611k,2.2n,810584,79.275,70.2776
680p,470p,10,10k,2.611k,2.7n,791092,79.2058,70.2776
680p,470p,10,10k,2.611k,3.3n,768599,79.5054,70.2777
680p,470p,10,10k,2.611k,4.7n,724994,80.8708,70.2778
820p,470p,0,100k,1m,1f,934250,65.8277,81.4173
820p,470p,0,100k,1m,470p,951186,62.9248,81.4173
820p,470p,0,100k,1m,1n,953808,59.9216,81.4173
820p,470p,0,100k,1m,1.5n,942086,57.8629,81.4173
820p,470p,0,100k,1m,2.2n,914808,56.2977,81.4173
820p,470p,0,100k,1m,2.7n,894207,55.8387,81.4173
820p,470p,0,100k,1m,3.3n,871472,55.7144,81.4173
820p,470p,0,100k,1m,4.7n,830173,56.2497,81.4173
820p,470p,0,100k,2.611k,1f,933894,65.0717,81.4173
820p,470p,0,100k,2.611k,470p,950806,62.1569,81.4173
820p,470p,0,100k,2.611k,1n,953428,59.1531,81.4173
820p,470p,0,100k,2.611k,1.5n,941727,57.1043,81.4173
820p,470p,0,100k,2.611k,2.2n,914496,55.56,81.4173
820p,470p,0,100k,2.611k,2.7n,893925,55.1168,81.4173
820p,470p,0,100k,2.611k,3.3n,871216,55.0099,81.4173
820p,470p,0,100k,2.611k,4.7n,829960,55.577,81.4173
820p,470p,0,10k,1m,1f,932970,65.8177,81.2287
820p,470p,0,10k,1m,470p,949682,62.9488,81.2287
820p,470p,0,10k,1m,1n,952367,59.9776,81.2288
820p,470p,0,10k,1m,1.5n,940919,57.9324,81.2288
820p,470p,0,10k,1m,2.2n,914081,56.3648,81.2288
820p,470p,0,10k,1m,2.7n,893720,55.8986,81.2289
820p,470p,0,10k,1m,3.3n,871184,55.7649,81.2289
820p,470p,0,10k,1m,4.7n,830120,56.2824,81.229
820p,470p,0,10k,2.611k,1f,932624,65.0625,81.2287
820p,470p,0,10k,2.611k,470p,949303,62.1821,81.2287
820p,470p,0,10k,2.611k,1n,951988,59.2102,81.2288
820p,470p,0,10k,2.611k,1.5n,940561,57.1746,81.2288
820p,470p,0,10k,2.611k,2.2n,913770,55.6278,81.2288
820p,470p,0,10k,2.611k,2.7n,893438,55.1771,81.2289
820p,470p,0,10k,2.611k,3.3n,870929,55.0606,81.2289
820p,470p,0,10k,2.611k,4.7n,829907,55.6098,81.229
820p,470p,10,100k,1m,1f,867678,83.4089,70.4452
820p,470p,10,100k,1m,470p,883000,80.5473,70.4452
820p,470p,10,100k,1m,1n,885476,77.827,70.4452
820p,470p,10,100k,1m,1.5n,874745,76.1412,70.4452
820p,470p,10,100k,1m,2.2n,848894,75.118,70.4452
820p,470p,10,100k,1m,2.7n,828657,75.0275,70.4452
820p,470p,10,100k,1m,3.3n,805738,75.3086,70.4452
820p,470p,10,100k,1m,4.7n,762380,76.632,70.4452
820p,470p,10,100k,2.611k,1f,867347,82.7125,70.4452
820p,470p,10,100k,2.611k,470p,882641,79.8405,70.4452
820p,470p,10,100k,2.611k,1n,885116,77.1195,70.4452
820p,470p,10,100k,2.611k,1.5n,874406,75.4425,70.4452
820p,470p,10,100k,2.611k,2.2n,848601,74.4387,70.4452
820p,470p,10,100k,2.611k,2.7n,828391,74.3634,70.4452
820p,470p,10,100k,2.611k,3.3n,805498,74.6619,70.4452
820p,470p,10,100k,2.611k,4.7n,762177,76.0185,70.4452
820p,470p,10,10k,1m,1f,866325,83.4282,70.2775
820p,470p,10,10k,1m,470p,881421,80.6012,70.2775
820p,470p,10,10k,1m,1n,883952,77.909,70.2776
820p,470p,10,10k,1m,1.5n,873481,76.2318,70.2776
820p,470p,10,10k,1m,2.2n,848076,75.2005,70.2776
820p,470p,10,10k,1m,2.7n,828084,75.0996,70.2776
820p,470p,10,10k,1m,3.3n,805377,75.3684,70.2777
820p,470p,10,10k,1m,4.7n,762287,76.6696,70.2778
820p,470p,10,10k,2.611k,1f,865996,82.7328,70.2775
820p,470p,10,10k,2.611k,470p,881063,79.8956,70.2775
820p,470p,10,10k,2.611k,1n,883593,77.2027,70.2776
820p,470p,10,10k,2.611k,1.5n,873142,75.534,70.2776
820p,470p,10,10k,2.611k,2.2n,847784,74.5219,70.2776
820p,470p,10,10k,2.611k,2.7n,827819,74.4361,70.2776
820p,470p,10,10k,2.611k,3.3n,805137,74.722,70.2777
820p,470p,10,10k,2.611k,4.7n,762084,76.0562,70.2778
1n,470p,0,100k,1m,1f,940601,65.6748,81.4173
1n,470p,0,100k,1m,470p,957841,62.7393,81.4173
1n,470p,0,100k,1m,1n,960512,59.707,81.4173
1n,470p,0,100k,1m,1.5n,948434,57.6451,81.4173
1n,470p,0,100k,1m,2.2n,920673,56.0934,81.4173
1n,470p,0,100k,1m,2.7n,899766,55.65,81.4173
1n,470p,0,100k,1m,3.3n,876772,55.543,81.4173
1n,470p,0,100k,1m,4.7n,835082,56.1105,81.4173
1n,470p,0,100k,2.611k,1f,940242,64.9139,81.4173
1n,470p,0,100k,2.611k,470p,957446,61.9665,81.4173
1n,470p,0,100k,2.611k,1n,960118,58.9337,81.4173
1n,470p,0,100k,2.611k,1.5n,948073,56.8815,81.4173
1n,470p,0,100k,2.611k,2.2n,920359,55.3512,81.4173
1n,470p,0,100k,2.611k,2.7n,899481,54.9237,81.4173
1n,470p,0,100k,2.611k,3.3n,876514,54.8344,81.4173
1n,470p,0,100k,2.611k,4.7n,834863,55.4341,81.4173
1n,470p,0,10k,1m,1f,939312,65.665,81.2287
1n,470p,0,10k,1m,470p,956291,62.7647,81.2287
1n,470p,0,10k,1m,1n,959030,59.7648,81.2288
1n,470p,0,10k,1m,1.5n,947268,57.715,81.2288
1n,470p,0,10k,1m,2.2n,919950,56.1606,81.2288
1n,470p,0,10k,1m,2.7n,899283,55.7098,81.2289
1n,470p,0,10k,1m,3.3n,876488,55.5934,81.2289
1n,470p,0,10k,1m,4.7n,835030,56.143,81.229
1n,470p,0,10k,2.611k,1f,938954,64.9051,81.2287
1n,470p,0,10k,2.611k,470p,955898,61.9932,81.2287
1n,470p,0,10k,2.611k,1n,958637,58.9926,81.2288
1n,470p,0,10k,2.611k,1.5n,946907,56.9522,81.2288
1n,470p,0,10k,2.611k,2.2n,919636,55.4191,81.2288
1n,470p,0,10k,2.611k,2.7n,898999,54.984,81.2289
1n,470p,0,10k,2.611k,3.3n,876230,54.885,81.2289
1n,470p,0,10k,2.611k,4.7n,834811,55.4666,81.229
1n,470p,10,100k,1m,1f,895001,79.7395,70.4452
1n,470p,10,100k,1m,470p,910786,76.8064,70.4452
1n,470p,10,100k,1m,1n,913130,73.993,70.4452
1n,470p,10,100k,1m,1.5n,901866,72.2385,70.4452
1n,470p,10,100k,1m,2.2n,875268,71.1525,70.4452
1n,470p,10,100k,1m,2.7n,854770,71.0277,70.4452
1n,470p,10,100k,1m,3.3n,831783,71.2724,70.4452
1n,470p,10,100k,1m,4.7n,789047,72.5178,70.4452
1n,470p,10,100k,2.611k,1f,894657,79.0205,70.4452
1n,470p,10,100k,2.611k,470p,910418,76.0766,70.4452
1n,470p,10,100k,2.611k,1n,912755,73.2629,70.4452
1n,470p,10,100k,2.611k,1.5n,901519,71.5173,70.4452
1n,470p,10,100k,2.611k,2.2n,874965,70.4514,70.4452
1n,470p,10,100k,2.611k,2.7n,854495,70.3421,70.4452
1n,470p,10,100k,2.611k,3.3n,831538,70.6042,70.4452
1n,470p,10,100k,2.611k,4.7n,788840,71.8824,70.4452
1n,470p,10,10k,1m,1f,893662,79.7535,70.2775
1n,470p,10,10k,1m,470p,909242,76.8552,70.2775
1n,470p,10,10k,1m,1n,911625,74.0713,70.2776
1n,470p,10,10k,1m,1.5n,900649,72.3252,70.2776
1n,470p,10,10k,1m,2.2n,874486,71.2317,70.2776
1n,470p,10,10k,1m,2.7n,854232,71.0968,70.2776
1n,470p,10,10k,1m,3.3n,831457,71.3294,70.2777
1n,470p,10,10k,1m,4.7n,788972,72.5534,70.2778
1n,470p,10,10k,2.611k,1f,893318,79.0355,70.2775
1n,470p,10,10k,2.611k,470p,908876,76.1266,70.2775
1n,470p,10,10k,2.611k,1n,911258,73.3421,70.2776
1n,470p,10,10k,2.611k,1.5n,900303,71.6049,70.2776
1n,470p,10,10k,2.611k,2.2n,874183,70.5312,70.2776
1n,470p,10,10k,2.611k,2.7n,853957,70.4116,70.2776
1n,470p,10,10k,2.611k,3.3n,831212,70.6615,70.2777
1n,470p,10,10k,2.611k,4.7n,788765,71.918,70.2778
330p,560p,0,100k,1m,1f,750364,67.2724,81.3893
330p,560p,0,100k,1m,470p,758898,65.1966,81.3893
330p,560p,0,100k,1m,1n,761085,62.9575,81.3893
330p,560p,0,100k,1m,1.5n,756103,61.2061,81.3893
330p,560p,0,100k,1m,2.2n,741818,59.5151,81.3893
330p,560p,0,100k,1m,2.7n,729525,58.7873,81.3893
330p,560p,0,100k,1m,3.3n,714662,58.3038,81.3893
330p,560p,0,100k,1m,4.7n,684582,58.1378,81.3893
330p,560p,0,100k,2.611k,1f,750178,66.662,81.3893
330p,560p,0,100k,2.611k,470p,758700,64.5801,81.3893
330p,560p,0,100k,2.611k,1n,760886,62.34,81.3893
330p,560p,0,100k,2.611k,1.5n,755915,60.5927,81.3893
330p,560p,0,100k,2.611k,2.2n,741644,58.9133,81.3893
330p,560p,0,100k,2.611k,2.7n,729365,58.1951,81.3893
330p,560p,0,100k,2.611k,3.3n,714516,57.7232,81.3893
330p,560p,0,100k,2.611k,4.7n,684458,57.5808,81.3893
330p,560p,0,10k,1m,1f,749405,67.2633,81.2002
330p,560p,0,10k,1m,470p,757825,65.2111,81.2002
330p,560p,0,10k,1m,1n,760006,62.9969,81.2002
330p,560p,0,10k,1m,1.5n,755177,61.2593,81.2002
330p,560p,0,10k,1m,2.2n,741140,59.5752,81.2003
330p,560p,0,10k,1m,2.7n,729020,58.8457,81.2003
330p,560p,0,10k,1m,3.3n,714322,58.357,81.2004
330p,560p,0,10k,1m,4.7n,684470,58.1771,81.2005
330p,560p,0,10k,2.611k,1f,749220,66.6537,81.2002
330p,560p,0,10k,2.611k,470p,757632,64.5953,81.2002
330p,560p,0,10k,2.611k,1n,759807,62.3802,81.2002
330p,560p,0,10k,2.611k,1.5n,754989,60.6467,81.2002
330p,560p,0,10k,2.611k,2.2n,740971,58.9738,81.2003
330p,560p,0,10k,2.611k,2.7n,728860,58.2539,81.2003
330p,560p,0,10k,2.611k,3.3n,714176,57.7767,81.2004
330p,560p,0,10k,2.611k,4.7n,684346,57.6202,81.2005
330p,560p,10,100k,1m,1f,348661,107.876,70.4226
330p,560p,10,100k,1m,470p,350128,107.103,70.4226
330p,560p,10,100k,1m,1n,350644,106.221,70.4226
330p,560p,10,100k,1m,1.5n,350022,105.403,70.4226
330p,560p,10,100k,1m,2.2n,347505,104.324,70.4226
330p,560p,10,100k,1m,2.7n,344805,103.619,70.4226
330p,560p,10,100k,1m,3.3n,340828,102.86,70.4226
330p,560p,10,100k,1m,4.7n,330064,101.454,70.4226
330p,560p,10,100k,2.611k,1f,348629,107.59,70.4226
330p,560p,10,100k,2.611k,470p,350096,106.817,70.4226
330p,560p,10,100k,2.611k,1n,350612,105.934,70.4226
330p,560p,10,100k,2.611k,1.5n,349989,105.116,70.4226
330p,560p,10,100k,2.611k,2.2n,347474,104.039,70.4226
330p,560p,10,100k,2.611k,2.7n,344775,103.336,70.4226
330p,560p,10,100k,2.611k,3.3n,340800,102.581,70.4226
330p,560p,10,100k,2.611k,4.7n,330040,101.184,70.4226
330p,560p,10,10k,1m,1f,347928,107.86,70.2545
330p,560p,10,10k,1m,470p,349374,107.097,70.2545
330p,560p,10,10k,1m,1n,349889,106.224,70.2545
330p,560p,10,10k,1m,1.5n,349286,105.415,70.2545
330p,560p,10,10k,1m,2.2n,346824,104.348,70.2546
330p,560p,10,10k,1m,2.7n,344198,103.648,70.2546
330p,560p,10,10k,1m,3.3n,340288,102.895,70.2546
330p,560p,10,10k,1m,4.7n,329703,101.495,70.2547
330p,560p,10,10k,2.611k,1f,347896,107.575,70.2544
330p,560p,10,10k,2.611k,470p,349342,106.81,70.2545
330p,560p,10,10k,2.611k,1n,349857,105.938,70.2545
330p,560p,10,10k,2.611k,1.5n,349254,105.129,70.2545
330p,560p,10,10k,2.611k,2.2n,346793,104.064,70.2546
330p,560p,10,10k,2.611k,2.7n,344169,103.366,70.2546
330p,560p,10,10k,2.611k,3.3n,340260,102.616,70.2546
330p,560p,10,10k,2.611k,4.7n,329680,101.225,70.2547
330p,680p,0,100k,1m,1f,622015,68.1356,81.3446
330p,680p,0,100k,1m,470p,626877,66.5207,81.3446
330p,680p,0,100k,1m,1n,628344,64.7616,81.3446
330p,680p,0,100k,1m,1.5n,625912,63.3019,81.3446
330p,680p,0,100k,1m,2.2n,617787,61.7266,81.3446
330p,680p,0,100k,1m,2.7n,610136,60.9367,81.3446
330p,680p,0,100k,1m,3.3n,600175,60.3039,81.3446
330p,680p,0,100k,1m,4.7n,578085,59.7322,81.3446
330p,680p,0,100k,2.611k,1f,621908,67.6287,81.3446
330p,680p,0,100k,2.611k,470p,626767,66.0101,81.3446
330p,680p,0,100k,2.611k,1n,628234,64.2502,81.3446
330p,680p,0,100k,2.611k,1.5n,625804,62.7926,81.3446
330p,680p,0,100k,2.611k,2.2n,617685,61.2241,81.3446
330p,680p,0,100k,2.611k,2.7n,610041,60.4403,81.3446
330p,680p,0,100k,2.611k,3.3n,600088,59.8153,81.3446
330p,680p,0,100k,2.611k,4.7n,578009,59.2611,81.3446
330p,680p,0,10k,1m,1f,621241,68.1302,81.1552
330p,680p,0,10k,1m,470p,626044,66.5332,81.1552
330p,680p,0,10k,1m,1n,627514,64.7931,81.1552
330p,680p,0,10k,1m,1.5n,625148,63.3468,81.1553
330p,680p,0,10k,1m,2.2n,617171,61.7814,81.1553
330p,680p,0,10k,1m,2.7n,609646,60.9926,81.1553
330p,680p,0,10k,1m,3.3n,599815,60.3579,81.1554
330p,680p,0,10k,1m,4.7n,577927,59.7765,81.1555
330p,680p,0,10k,2.611k,1f,621135,67.6239,81.1552
330p,680p,0,10k,2.611k,470p,625935,66.0233,81.1552
330p,680p,0,10k,2.611k,1n,627404,64.2823,81.1552
330p,680p,0,10k,2.611k,1.5n,625040,62.8382,81.1553
330p,680p,0,10k,2.611k,2.2n,617069,61.2794,81.1553
330p,680p,0,10k,2.611k,2.7n,609551,60.4966,81.1553
330p,680p,0,10k,2.611k,3.3n,599728,59.8696,81.1554
330p,680p,0,10k,2.611k,4.7n,577850,59.3056,81.1555
330p,680p,10,100k,1m,1f,255011,105.597,70.3867
330p,680p,10,100k,1m,470p,255476,105.052,70.3867
330p,680p,10,100k,1m,1n,255642,104.425,70.3867
330p,680p,10,100k,1m,1.5n,255452,103.832,70.3867
330p,680p,10,100k,1m,2.2n,254644,103.014,70.3866
330p,680p,10,100k,1m,2.7n,253715,102.45,70.3866
330p,680p,10,100k,1m,3.3n,252268,101.805,70.3866
330p,680p,10,100k,1m,4.7n,247950,100.466,70.3866
330p,680p,10,100k,2.611k,1f,255001,105.388,70.3867
330p,680p,10,100k,2.611k,470p,255466,104.843,70.3867
330p,680p,10,100k,2.611k,1n,255632,104.216,70.3867
330p,680p,10,100k,2.611k,1.5n,255441,103.623,70.3867
330p,680p,10,100k,2.611k,2.2n,254634,102.805,70.3866
330p,680p,10,100k,2.611k,2.7n,253705,102.242,70.3866
330p,680p,10,100k,2.611k,3.3n,252258,101.598,70.3866
330p,680p,10,100k,2.611k,4.7n,247941,100.262,70.3866
330p,680p,10,10k,1m,1f,254575,105.576,70.2181
330p,680p,10,10k,1m,470p,255034,105.037,70.2181
330p,680p,10,10k,1m,1n,255200,104.418,70.2181
330p,680p,10,10k,1m,1.5n,255015,103.831,70.2182
330p,680p,10,10k,1m,2.2n,254224,103.022,70.2182
330p,680p,10,10k,1m,2.7n,253313,102.464,70.2182
330p,680p,10,10k,1m,3.3n,251891,101.825,70.2182
330p,680p,10,10k,1m,4.7n,247653,100.496,70.2183
330p,680p,10,10k,2.611k,1f,254565,105.368,70.2181
330p,680p,10,10k,2.611k,470p,255023,104.828,70.2181
330p,680p,10,10k,2.611k,1n,255190,104.209,70.2181
330p,680p,10,10k,2.611k,1.5n,255004,103.622,70.2182
330p,680p,10,10k,2.611k,2.2n,254214,102.814,70.2182
330p,680p,10,10k,2.611k,2.7n,253303,102.256,70.2182
330p,680p,10,10k,2.611k,3.3n,251882,101.618,70.2182
330p,680p,10,10k,2.611k,4.7n,247644,100.293,70.2183
330p,820p,0,100k,1m,1f,519581,68.7561,81.2824
330p,820p,0,100k,1m,470p,522385,67.468,81.2824
330p,820p,0,100k,1m,1n,523322,66.0564,81.2824
330p,820p,0,100k,1m,1.5n,522068,64.8425,81.2824
330p,820p,0,100k,1m,2.2n,517414,63.4321,81.2823
330p,820p,0,100k,1m,2.7n,512639,62.6544,81.2823
330p,820p,0,100k,1m,3.3n,506163,61.9534,81.2823
330p,820p,0,100k,1m,4.7n,490370,61.0993,81.2823
330p,820p,0,100k,2.611k,1f,519519,68.3321,81.2824
330p,820p,0,100k,2.611k,470p,522322,67.0418,81.2824
330p,820p,0,100k,2.611k,1n,523259,65.6297,81.2824
330p,820p,0,100k,2.611k,1.5n,522006,64.417,81.2824
330p,820p,0,100k,2.611k,2.2n,517354,63.0104,81.2823
330p,820p,0,100k,2.611k,2.7n,512583,62.2365,81.2823
330p,820p,0,100k,2.611k,3.3n,506109,61.5408,81.2823
330p,820p,0,100k,2.611k,4.7n,490322,60.6992,81.2823
330p,820p,0,10k,1m,1f,518953,68.7538,81.093
330p,820p,0,10k,1m,470p,521723,67.4798,81.093
330p,820p,0,10k,1m,1n,522660,66.0834,81.0931
330p,820p,0,10k,1m,1.5n,521441,64.8812,81.0931
330p,820p,0,10k,1m,2.2n,516876,63.4815,81.0931
330p,820p,0,10k,1m,2.7n,512188,62.7069,81.0932
330p,820p,0,10k,1m,3.3n,505799,62.007,81.0932
330p,820p,0,10k,1m,4.7n,490178,61.1473,81.0933
330p,820p,0,10k,2.611k,1f,518891,68.3303,81.093
330p,820p,0,10k,2.611k,470p,521660,67.0542,81.093
330p,820p,0,10k,2.611k,1n,522597,65.6572,81.0931
330p,820p,0,10k,2.611k,1.5n,521379,64.4562,81.0931
330p,820p,0,10k,2.611k,2.2n,516816,63.0602,81.0931
330p,820p,0,10k,2.611k,2.7n,512132,62.2893,81.0932
330p,820p,0,10k,2.611k,3.3n,505746,61.5946,81.0932
330p,820p,0,10k,2.611k,4.7n,490130,60.7474,81.0933
330p,820p,10,100k,1m,1f,196834,102.825,70.3364
330p,820p,10,100k,1m,470p,197020,102.408,70.3364
330p,820p,10,100k,1m,1n,197086,101.929,70.3364
330p,820p,10,100k,1m,1.5n,197009,101.475,70.3364
330p,820p,10,100k,1m,2.2n,196678,100.843,70.3364
330p,820p,10,100k,1m,2.7n,196291,100.399,70.3364
330p,820p,10,100k,1m,3.3n,195676,99.8795,70.3364
330p,820p,10,100k,1m,4.7n,193738,98.7464,70.3364
330p,820p,10,100k,2.611k,1f,196830,102.664,70.3364
330p,820p,10,100k,2.611k,470p,197016,102.246,70.3364
330p,820p,10,100k,2.611k,1n,197082,101.768,70.3364
330p,820p,10,100k,2.611k,1.5n,197005,101.314,70.3364
330p,820p,10,100k,2.611k,2.2n,196674,100.682,70.3364
330p,820p,10,100k,2.611k,2.7n,196287,100.238,70.3364
330p,820p,10,100k,2.611k,3.3n,195672,99.7191,70.3364
330p,820p,10,100k,2.611k,4.7n,193734,98.5876,70.3364
330p,820p,10,10k,1m,1f,196537,102.806,70.1677
330p,820p,10,10k,1m,470p,196721,102.393,70.1677
330p,820p,10,10k,1m,1n,196787,101.92,70.1677
330p,820p,10,10k,1m,1.5n,196712,101.471,70.1677
330p,820p,10,10k,1m,2.2n,196388,100.846,70.1678
330p,820p,10,10k,1m,2.7n,196009,100.407,70.1678
330p,820p,10,10k,1m,3.3n,195404,99.8922,70.1678
330p,820p,10,10k,1m,4.7n,193507,98.7693,70.1679
330p,820p,10,10k,2.611k,1f,196533,102.645,70.1677
330p,820p,10,10k,2.611k,470p,196717,102.232,70.1677
330p,820p,10,10k,2.611k,1n,196783,101.759,70.1677
330p,820p,10,10k,2.611k,1.5n,196708,101.31,70.1677
330p,820p,10,10k,2.611k,2.2n,196384,100.685,70.1678
330p,820p,10,10k,2.611k,2.7n,196005,100.246,70.1678
330p,820p,10,10k,2.611k,3.3n,195400,99.732,70.1678
330p,820p,10,10k,2.611k,4.7n,193503,98.6107,70.1679
330p,1n,0,100k,1m,1f,429795,69.2568,81.187
330p,1n,0,100k,1m,470p,431382,68.2282,81.187
330p,1n,0,100k,1m,1n,431949,67.0971,81.187
330p,1n,0,100k,1m,1.5n,431300,66.1007,81.187
330p,1n,0,100k,1m,2.2n,428688,64.8809,81.187
330p,1n,0,100k,1m,2.7n,425879,64.1564,81.187
330p,1n,0,100k,1m,3.3n,421866,63.4495,81.187
330p,1n,0,100k,1m,4.7n,411255,62.412,81.187
330p,1n,0,100k,2.611k,1f,429760,68.9057,81.187
330p,1n,0,100k,2.611k,470p,431347,67.8759,81.187
330p,1n,0,100k,2.611k,1n,431913,66.7445,81.187
330p,1n,0,100k,2.611k,1.5n,431265,65.7486,81.187
330p,1n,0,100k,2.611k,2.2n,428653,64.531,81.187
330p,1n,0,100k,2.611k,2.7n,425847,63.8087,81.187
330p,1n,0,100k,2.611k,3.3n,421835,63.1052,81.187
330p,1n,0,100k,2.611k,4.7n,411227,62.0762,81.187
330p,1n,0,10k,1m,1f,429282,69.2578,80.9984
330p,1n,0,10k,1m,470p,430850,68.2404,80.9985
330p,1n,0,10k,1m,1n,431416,67.1214,80.9985
330p,1n,0,10k,1m,1.5n,430786,66.1349,80.9985
330p,1n,0,10k,1m,2.2n,428225,64.9254,80.9985
330p,1n,0,10k,1m,2.7n,425474,64.205,80.9986
330p,1n,0,10k,1m,3.3n,421521,63.5011,80.9986
330p,1n,0,10k,1m,4.7n,411042,62.4624,80.9987
330p,1n,0,10k,2.611k,1f,429247,68.9071,80.9984
330p,1n,0,10k,2.611k,470p,430814,67.8885,80.9985
330p,1n,0,10k,2.611k,1n,431380,66.7691,80.9985
330p,1n,0,10k,2.611k,1.5n,430751,65.7832,80.9985
330p,1n,0,10k,2.611k,2.2n,428191,64.5759,80.9985
330p,1n,0,10k,2.611k,2.7n,425442,63.8577,80.9986
330p,1n,0,10k,2.611k,3.3n,421489,63.157,80.9986
330p,1n,0,10k,2.611k,4.7n,411014,62.1267,80.9987
330p,1n,10,100k,1m,1f,153837,100.004,70.2592
330p,1n,10,100k,1m,470p,153916,99.6779,70.2592
330p,1n,10,100k,1m,1n,153943,99.3064,70.2592
330p,1n,10,100k,1m,1.5n,153909,98.9543,70.2592
330p,1n,10,100k,1m,2.2n,153765,98.4624,70.2592
330p,1n,10,100k,1m,2.7n,153595,98.1142,70.2592
330p,1n,10,100k,1m,3.3n,153323,97.7023,70.2592
330p,1n,10,100k,1m,4.7n,152421,96.7802,70.2591
330p,1n,10,100k,2.611k,1f,153835,99.8783,70.2592
330p,1n,10,100k,2.611k,470p,153914,99.5518,70.2592
330p,1n,10,100k,2.611k,1n,153941,99.1802,70.2592
330p,1n,10,100k,2.611k,1.5n,153907,98.8282,70.2592
330p,1n,10,100k,2.611k,2.2n,153763,98.3364,70.2592
330p,1n,10,100k,2.611k,2.7n,153594,97.9883,70.2592
330p,1n,10,100k,2.611k,3.3n,153321,97.5767,70.2592
330p,1n,10,100k,2.611k,4.7n,152419,96.6553,70.2591
330p,1n,10,10k,1m,1f,153628,99.9886,70.0907
330p,1n,10,10k,1m,470p,153706,99.6657,70.0908
330p,1n,10,10k,1m,1n,153733,99.2982,70.0908
330p,1n,10,10k,1m,1.5n,153700,98.9499,70.0908
330p,1n,10,10k,1m,2.2n,153559,98.4634,70.0909
330p,1n,10,10k,1m,2.7n,153393,98.1188,70.0909
330p,1n,10,10k,1m,3.3n,153125,97.7112,70.0909
330p,1n,10,10k,1m,4.7n,152239,96.7981,70.091
330p,1n,10,10k,2.611k,1f,153626,99.8626,70.0907
330p,1n,10,10k,2.611k,470p,153704,99.5397,70.0908
330p,1n,10,10k,2.611k,1n,153732,99.1722,70.0908
330p,1n,10,10k,2.611k,1.5n,153698,98.824,70.0908
330p,1n,10,10k,2.611k,2.2n,153557,98.3375,70.0909
330p,1n,10,10k,2.611k,2.7n,153391,97.9931,70.0909
330p,1n,10,10k,2.611k,3.3n,153124,97.5858,70.0909
330p,1n,10,10k,2.611k,4.7n,152237,96.6734,70.091
