col0,col1,col2,col3,col4,col5,col6,col7,col8,col9
-14.0,-13.9961821,-14.0,22.4740293,-14.0,22.4728472,-14.0,-13.2497142,-14.0,-14.749259
-13.95,-13.9463629,-13.95,22.42925,-13.95,22.4281209,-13.95,-13.1572653,-13.95,-14.7421175
-13.9,-13.896769,-13.9,22.3904268,-13.9,22.3894182,-13.9,-13.0739724,-13.9,-14.7262573
-13.85,-13.8473169,-13.85,22.3553108,-13.85,22.3544678,-13.85,-12.9969681,-13.85,-14.7043831
-13.8,-13.798,-13.8,22.3234033,-13.8,22.3227715,-13.8,-12.9260002,-13.8,-14.6767317
-13.75,-13.7487874,-13.75,22.2932747,-13.75,22.2928928,-13.75,-12.8594895,-13.75,-14.6448238
-13.7,-13.699655,-13.7,22.2635355,-13.7,22.2634368,-13.7,-12.7956766,-13.7,-14.6103739
-13.65,-13.6506004,-13.65,22.2333303,-13.65,22.2335484,-13.65,-12.7335194,-13.65,-14.5744209
-13.6,-13.6016325,-13.6,22.2021529,-13.6,22.2027248,-13.6,-12.6724881,-13.6,-14.5375136
-13.55,-13.5527592,-13.55,22.1696477,-13.55,22.1706134,-13.55,-12.6122692,-13.55,-14.4999817
-13.5,-13.5039782,-13.5,22.1355493,-13.5,22.1369478,-13.5,-12.5527053,-13.5,-14.4619785
-13.45,-13.4552665,-13.45,22.0996277,-13.45,22.1014891,-13.45,-12.4937977,-13.45,-14.4234565
-13.4,-13.4065614,-13.4,22.0615863,-13.4,22.0639172,-13.4,-12.4357544,-13.4,-14.3840816
-13.35,-13.3577215,-13.35,22.0208648,-13.35,22.023619,-13.35,-12.3791371,-13.35,-14.3430082
-13.3,-13.308454,-13.3,21.976127,-13.3,21.9791493,-13.3,-12.3252334,-13.3,-14.2983603
-13.25,-13.2587378,-13.25,21.928246,-13.25,21.9313719,-13.25,-12.2737513,-13.25,-14.2503877
-13.2,-13.2087908,-13.2,21.8786799,-13.2,21.8818249,-13.2,-12.2235407,-13.2,-14.2006795
-13.15,-13.1588077,-13.15,21.8289116,-13.15,21.8320623,-13.15,-12.1735047,-13.15,-14.150724
-13.1,-13.1088186,-13.1,21.7791255,-13.1,21.7822797,-13.1,-12.1234918,-13.1,-14.1007334
-13.05,-13.0588285,-13.05,21.7293335,-13.05,21.7324907,-13.05,-12.0734838,-13.05,-14.0507357
-13.0,-13.0088383,-13.0,21.6795406,-13.0,21.6827008,-13.0,-12.0234767,-13.0,-14.0007371
-12.95,-12.9588481,-12.95,21.6297477,-12.95,21.6329109,-12.95,-11.9734696,-12.95,-13.9507383
-12.9,-12.9088578,-12.9,21.5799549,-12.9,21.5831211,-12.9,-11.9234626,-12.9,-13.9007395
-12.85,-12.8588676,-12.85,21.5301622,-12.85,21.5333314,-12.85,-11.8734556,-12.85,-13.8507407
-12.8,-12.8088774,-12.8,21.4803696,-12.8,21.4835419,-12.8,-11.8234487,-12.8,-13.8007419
-12.75,-12.7588872,-12.75,21.4305772,-12.75,21.4337525,-12.75,-11.7734417,-12.75,-13.7507431
-12.7,-12.708897,-12.7,21.3807849,-12.7,21.3839632,-12.7,-11.7234347,-12.7,-13.7007443
-12.65,-12.6589069,-12.65,21.3309927,-12.65,21.334174,-12.65,-11.6734278,-12.65,-13.6507455
-12.6,-12.6089167,-12.6,21.2812006,-12.6,21.284385,-12.6,-11.6234209,-12.6,-13.6007468
-12.55,-12.5589266,-12.55,21.2314086,-12.55,21.234596,-12.55,-11.573414,-12.55,-13.550748
-12.5,-12.5089364,-12.5,21.1816168,-12.5,21.1848073,-12.5,-11.5234071,-12.5,-13.5007493
-12.45,-12.4589463,-12.45,21.1318251,-12.45,21.1350186,-12.45,-11.4734003,-12.45,-13.4507506
-12.4,-12.4089562,-12.4,21.0820335,-12.4,21.08523,-12.4,-11.4233934,-12.4,-13.4007518
-12.35,-12.3589661,-12.35,21.0322421,-12.35,21.0354416,-12.35,-11.3733866,-12.35,-13.3507531
-12.3,-12.308976,-12.3,20.9824507,-12.3,20.9856533,-12.3,-11.3233798,-12.3,-13.3007544
-12.25,-12.2589859,-12.25,20.9326595,-12.25,20.9358652,-12.25,-11.273373,-12.25,-13.2507557
-12.2,-12.2089958,-12.2,20.8828684,-12.2,20.8860771,-12.2,-11.2233662,-12.2,-13.2007571
-12.15,-12.1590058,-12.15,20.8330775,-12.15,20.8362892,-12.15,-11.1733594,-12.15,-13.1507584
-12.1,-12.1090158,-12.1,20.7832866,-12.1,20.7865014,-12.1,-11.1233527,-12.1,-13.1007597
-12.05,-12.0590257,-12.05,20.7334959,-12.05,20.7367138,-12.05,-11.0733459,-12.05,-13.0507611
-12.0,-12.0090357,-12.0,20.6837053,-12.0,20.6869263,-12.0,-11.0233392,-12.0,-13.0007625
-11.95,-11.9590457,-11.95,20.6339148,-11.95,20.6371389,-11.95,-10.9733325,-11.95,-12.9507638
-11.9,-11.9090557,-11.9,20.5841245,-11.9,20.5873516,-11.9,-10.9233258,-11.9,-12.9007652
-11.85,-11.8590657,-11.85,20.5343343,-11.85,20.5375644,-11.85,-10.8733192,-11.85,-12.8507666
-11.8,-11.8090758,-11.8,20.4845442,-11.8,20.4877774,-11.8,-10.8233125,-11.8,-12.800768
-11.75,-11.7590858,-11.75,20.4347542,-11.75,20.4379905,-11.75,-10.7733059,-11.75,-12.7507694
-11.7,-11.7090958,-11.7,20.3849643,-11.7,20.3882038,-11.7,-10.7232993,-11.7,-12.7007709
-11.65,-11.6591059,-11.65,20.3351746,-11.65,20.3384171,-11.65,-10.6732927,-11.65,-12.6507723
-11.6,-11.609116,-11.6,20.285385,-11.6,20.2886306,-11.6,-10.6232861,-11.6,-12.6007737
-11.55,-11.5591261,-11.55,20.2355955,-11.55,20.2388442,-11.55,-10.5732795,-11.55,-12.5507752
-11.5,-11.5091362,-11.5,20.1858062,-11.5,20.189058,-11.5,-10.523273,-11.5,-12.5007767
-11.45,-11.4591463,-11.45,20.136017,-11.45,20.1392719,-11.45,-10.4732664,-11.45,-12.4507782
-11.4,-11.4091564,-11.4,20.0862279,-11.4,20.0894859,-11.4,-10.4232599,-11.4,-12.4007796
-11.35,-11.3591666,-11.35,20.0364389,-11.35,20.0397,-11.35,-10.3732534,-11.35,-12.3507811
-11.3,-11.3091767,-11.3,19.9866501,-11.3,19.9899143,-11.3,-10.3232469,-11.3,-12.3007826
-11.25,-11.2591869,-11.25,19.9368613,-11.25,19.9401287,-11.25,-10.2732404,-11.25,-12.2507842
-11.2,-11.2091971,-11.2,19.8870727,-11.2,19.8903432,-11.2,-10.223234,-11.2,-12.2007857
-11.15,-11.1592072,-11.15,19.8372843,-11.15,19.8405578,-11.15,-10.1732275,-11.15,-12.1507872
-11.1,-11.1092174,-11.1,19.7874959,-11.1,19.7907726,-11.1,-10.1232211,-11.1,-12.1007888
-11.05,-11.0592277,-11.05,19.7377077,-11.05,19.7409875,-11.05,-10.0732147,-11.05,-12.0507904
-11.0,-11.0092379,-11.0,19.6879196,-11.0,19.6912026,-11.0,-10.0232083,-11.0,-12.0007919
-10.95,-10.9592481,-10.95,19.6381317,-10.95,19.6414177,-10.95,-9.97320195,-10.95,-11.9507935
-10.9,-10.9092584,-10.9,19.5883438,-10.9,19.5916331,-10.9,-9.92319559,-10.9,-11.9007951
-10.85,-10.8592686,-10.85,19.5385561,-10.85,19.5418485,-10.85,-9.87318925,-10.85,-11.8507967
-10.8,-10.8092789,-10.8,19.4887686,-10.8,19.492064,-10.8,-9.82318293,-10.8,-11.8007983
-10.75,-10.7592892,-10.75,19.4389811,-10.75,19.4422797,-10.75,-9.77317663,-10.75,-11.7508
-10.7,-10.7092995,-10.7,19.3891938,-10.7,19.3924956,-10.7,-9.72317034,-10.7,-11.7008016
-10.65,-10.6593098,-10.65,19.3394066,-10.65,19.3427115,-10.65,-9.67316406,-10.65,-11.6508032
-10.6,-10.6093201,-10.6,19.2896195,-10.6,19.2929276,-10.6,-9.62315781,-10.6,-11.6008049
-10.55,-10.5593305,-10.55,19.2398326,-10.55,19.2431438,-10.55,-9.57315157,-10.55,-11.5508066
-10.5,-10.5093408,-10.5,19.1900458,-10.5,19.1933602,-10.5,-9.52314535,-10.5,-11.5008082
-10.45,-10.4593512,-10.45,19.1402591,-10.45,19.1435767,-10.45,-9.47313914,-10.45,-11.4508099
-10.4,-10.4093615,-10.4,19.0904725,-10.4,19.0937933,-10.4,-9.42313295,-10.4,-11.4008116
-10.35,-10.3593719,-10.35,19.0406861,-10.35,19.04401,-10.35,-9.37312678,-10.35,-11.3508134
-10.3,-10.3093823,-10.3,18.9908998,-10.3,18.9942269,-10.3,-9.32312062,-10.3,-11.3008151
-10.25,-10.2593927,-10.25,18.9411136,-10.25,18.9444439,-10.25,-9.27311448,-10.25,-11.2508168
-10.2,-10.2094032,-10.2,18.8913276,-10.2,18.894661,-10.2,-9.22310836,-10.2,-11.2008186
-10.15,-10.1594136,-10.15,18.8415417,-10.15,18.8448783,-10.15,-9.17310225,-10.15,-11.1508203
-10.1,-10.1094241,-10.1,18.7917559,-10.1,18.7950957,-10.1,-9.12309616,-10.1,-11.1008221
-10.05,-10.0594345,-10.05,18.7419703,-10.05,18.7453133,-10.05,-9.07309009,-10.05,-11.0508239
-10.0,-10.009445,-10.0,18.6921848,-10.0,18.6955309,-10.0,-9.02308404,-10.0,-11.0008256
-9.95,-9.95945549,-9.95,18.6423994,-9.95,18.6457487,-9.95,-8.973078,-9.95,-10.9508274
-9.9,-9.90946599,-9.9,18.5926141,-9.9,18.5959667,-9.9,-8.92307198,-9.9,-10.9008293
-9.85,-9.8594765,-9.85,18.542829,-9.85,18.5461847,-9.85,-8.87306597,-9.85,-10.8508311
-9.8,-9.80948703,-9.8,18.493044,-9.8,18.4964029,-9.8,-8.82305998,-9.8,-10.8008329
-9.75,-9.75949757,-9.75,18.4432591,-9.75,18.4466213,-9.75,-8.77305401,-9.75,-10.7508348
-9.7,-9.70950812,-9.7,18.3934744,-9.7,18.3968398,-9.7,-8.72304806,-9.7,-10.7008366
-9.65,-9.65951869,-9.65,18.3436898,-9.65,18.3470584,-9.65,-8.67304212,-9.65,-10.6508385
-9.6,-9.60952927,-9.6,18.2939053,-9.6,18.2972771,-9.6,-8.6230362,-9.6,-10.6008404
-9.55,-9.55953986,-9.55,18.2441209,-9.55,18.247496,-9.55,-8.57303029,-9.55,-10.5508423
-9.5,-9.50955046,-9.5,18.1943367,-9.5,18.197715,-9.5,-8.5230244,-9.5,-10.5008442
-9.45,-9.45956108,-9.45,18.1445526,-9.45,18.1479341,-9.45,-8.47301853,-9.45,-10.4508461
-9.4,-9.40957171,-9.4,18.0947687,-9.4,18.0981534,-9.4,-8.42301268,-9.4,-10.400848
-9.35,-9.35958236,-9.35,18.0449849,-9.35,18.0483728,-9.35,-8.37300684,-9.35,-10.3508499
-9.3,-9.30959301,-9.3,17.9952012,-9.3,17.9985924,-9.3,-8.32300102,-9.3,-10.3008519
-9.25,-9.25960368,-9.25,17.9454176,-9.25,17.9488121,-9.25,-8.27299522,-9.25,-10.2508538
-9.2,-9.20961437,-9.2,17.8956342,-9.2,17.8990319,-9.2,-8.22298944,-9.2,-10.2008558
-9.15,-9.15962506,-9.15,17.8458509,-9.15,17.8492518,-9.15,-8.17298367,-9.15,-10.1508578
-9.1,-9.10963577,-9.1,17.7960677,-9.1,17.7994719,-9.1,-8.12297792,-9.1,-10.1008598
-9.05,-9.0596465,-9.05,17.7462847,-9.05,17.7496922,-9.05,-8.07297218,-9.05,-10.0508618
-9.0,-9.00965723,-9.0,17.6965018,-9.0,17.6999125,-9.0,-8.02296646,-9.0,-10.0008638
-8.95,-8.95966798,-8.95,17.6467191,-8.95,17.650133,-8.95,-7.97296076,-8.95,-9.95086581
-8.9,-8.90967874,-8.9,17.5969364,-8.9,17.6003537,-8.9,-7.92295508,-8.9,-9.90086785
-8.85,-8.85968952,-8.85,17.5471539,-8.85,17.5505744,-8.85,-7.87294941,-8.85,-9.8508699
-8.8,-8.80970031,-8.8,17.4973716,-8.8,17.5007953,-8.8,-7.82294376,-8.8,-9.80087196
-8.75,-8.75971111,-8.75,17.4475893,-8.75,17.4510164,-8.75,-7.77293813,-8.75,-9.75087403
-8.7,-8.70972192,-8.7,17.3978072,-8.7,17.4012376,-8.7,-7.72293252,-8.7,-9.70087611
-8.65,-8.65973275,-8.65,17.3480253,-8.65,17.3514589,-8.65,-7.67292692,-8.65,-9.65087821
-8.6,-8.6097436,-8.6,17.2982435,-8.6,17.3016803,-8.6,-7.62292134,-8.6,-9.60088031
-8.55,-8.55975445,-8.55,17.2484618,-8.55,17.2519019,-8.55,-7.57291578,-8.55,-9.55088243
-8.5,-8.50976532,-8.5,17.1986802,-8.5,17.2021237,-8.5,-7.52291023,-8.5,-9.50088456
-8.45,-8.4597762,-8.45,17.1488988,-8.45,17.1523455,-8.45,-7.4729047,-8.45,-9.4508867
-8.4,-8.4097871,-8.4,17.0991175,-8.4,17.1025675,-8.4,-7.42289919,-8.4,-9.40088885
-8.35,-8.35979801,-8.35,17.0493363,-8.35,17.0527897,-8.35,-7.37289369,-8.35,-9.35089102
-8.3,-8.30980893,-8.3,16.9995553,-8.3,17.003012,-8.3,-7.32288822,-8.3,-9.3008932
-8.25,-8.25981987,-8.25,16.9497744,-8.25,16.9532344,-8.25,-7.27288275,-8.25,-9.25089538
-8.2,-8.20983082,-8.2,16.8999937,-8.2,16.903457,-8.2,-7.22287731,-8.2,-9.20089758
-8.15,-8.15984178,-8.15,16.8502131,-8.15,16.8536797,-8.15,-7.17287189,-8.15,-9.15089979
-8.1,-8.10985276,-8.1,16.8004326,-8.1,16.8039025,-8.1,-7.12286648,-8.1,-9.10090202
-8.05,-8.05986375,-8.05,16.7506522,-8.05,16.7541255,-8.05,-7.07286109,-8.05,-9.05090425
-8.0,-8.00987476,-8.0,16.700872,-8.0,16.7043486,-8.0,-7.02285571,-8.0,-9.0009065
-7.95,-7.95988578,-7.95,16.651092,-7.95,16.6545718,-7.95,-6.97285036,-7.95,-8.95090876
-7.9,-7.90989681,-7.9,16.601312,-7.9,16.6047952,-7.9,-6.92284502,-7.9,-8.90091103
-7.85,-7.85990786,-7.85,16.5515322,-7.85,16.5550188,-7.85,-6.87283969,-7.85,-8.85091331
-7.8,-7.80991892,-7.8,16.5017526,-7.8,16.5052425,-7.8,-6.82283439,-7.8,-8.80091561
-7.75,-7.75992999,-7.75,16.451973,-7.75,16.4554663,-7.75,-6.7728291,-7.75,-8.75091792
-7.7,-7.70994108,-7.7,16.4021936,-7.7,16.4056902,-7.7,-6.72282383,-7.7,-8.70092023
-7.65,-7.65995218,-7.65,16.3524144,-7.65,16.3559143,-7.65,-6.67281858,-7.65,-8.65092257
-7.6,-7.6099633,-7.6,16.3026353,-7.6,16.3061386,-7.6,-6.62281335,-7.6,-8.60092491
-7.55,-7.55997443,-7.55,16.2528563,-7.55,16.2563629,-7.55,-6.57280813,-7.55,-8.55092726
-7.5,-7.50998557,-7.5,16.2030774,-7.5,16.2065874,-7.5,-6.52280293,-7.5,-8.50092963
-7.45,-7.45999673,-7.45,16.1532987,-7.45,16.1568121,-7.45,-6.47279775,-7.45,-8.45093201
-7.4,-7.4100079,-7.4,16.1035202,-7.4,16.1070369,-7.4,-6.42279258,-7.4,-8.4009344
-7.35,-7.36001908,-7.35,16.0537417,-7.35,16.0572618,-7.35,-6.37278743,-7.35,-8.3509368
-7.3,-7.31003028,-7.3,16.0039634,-7.3,16.0074869,-7.3,-6.3227823,-7.3,-8.30093922
-7.25,-7.2600415,-7.25,15.9541853,-7.25,15.9577122,-7.25,-6.27277719,-7.25,-8.25094165
-7.2,-7.21005272,-7.2,15.9044073,-7.2,15.9079375,-7.2,-6.2227721,-7.2,-8.20094409
-7.15,-7.16006396,-7.15,15.8546294,-7.15,15.858163,-7.15,-6.17276702,-7.15,-8.15094654
-7.1,-7.11007522,-7.1,15.8048517,-7.1,15.8083887,-7.1,-6.12276196,-7.1,-8.100949
-7.05,-7.06008649,-7.05,15.7550741,-7.05,15.7586145,-7.05,-6.07275692,-7.05,-8.05095148
-7.0,-7.01009777,-7.0,15.7052966,-7.0,15.7088404,-7.0,-6.02275189,-7.0,-8.00095397
-6.95,-6.96010907,-6.95,15.6555193,-6.95,15.6590665,-6.95,-5.97274689,-6.95,-7.95095647
-6.9,-6.91012039,-6.9,15.6057421,-6.9,15.6092927,-6.9,-5.9227419,-6.9,-7.90095898
-6.85,-6.86013171,-6.85,15.5559651,-6.85,15.5595191,-6.85,-5.87273693,-6.85,-7.85096151
-6.8,-6.81014305,-6.8,15.5061881,-6.8,15.5097456,-6.8,-5.82273197,-6.8,-7.80096405
-6.75,-6.76015441,-6.75,15.4564114,-6.75,15.4599722,-6.75,-5.77272704,-6.75,-7.7509666
-6.7,-6.71016578,-6.7,15.4066348,-6.7,15.410199,-6.7,-5.72272212,-6.7,-7.70096916
-6.65,-6.66017716,-6.65,15.3568583,-6.65,15.360426,-6.65,-5.67271722,-6.65,-7.65097174
-6.6,-6.61018856,-6.6,15.3070819,-6.6,15.310653,-6.6,-5.62271234,-6.6,-7.60097433
-6.55,-6.56019998,-6.55,15.2573057,-6.55,15.2608803,-6.55,-5.57270747,-6.55,-7.55097693
-6.5,-6.5102114,-6.5,15.2075297,-6.5,15.2111076,-6.5,-5.52270263,-6.5,-7.50097954
-6.45,-6.46022284,-6.45,15.1577537,-6.45,15.1613351,-6.45,-5.4726978,-6.45,-7.45098217
-6.4,-6.4102343,-6.4,15.107978,-6.4,15.1115628,-6.4,-5.42269299,-6.4,-7.40098481
-6.35,-6.36024577,-6.35,15.0582023,-6.35,15.0617906,-6.35,-5.37268819,-6.35,-7.35098746
-6.3,-6.31025726,-6.3,15.0084268,-6.3,15.0120185,-6.3,-5.32268342,-6.3,-7.30099012
-6.25,-6.26026876,-6.25,14.9586515,-6.25,14.9622466,-6.25,-5.27267866,-6.25,-7.2509928
-6.2,-6.21028027,-6.2,14.9088763,-6.2,14.9124749,-6.2,-5.22267392,-6.2,-7.20099549
-6.15,-6.1602918,-6.15,14.8591012,-6.15,14.8627033,-6.15,-5.1726692,-6.15,-7.15099819
-6.1,-6.11030335,-6.1,14.8093262,-6.1,14.8129318,-6.1,-5.12266449,-6.1,-7.1010009
-6.05,-6.0603149,-6.05,14.7595515,-6.05,14.7631605,-6.05,-5.07265981,-6.05,-7.05100363
-6.0,-6.01032648,-6.0,14.7097768,-6.0,14.7133893,-6.0,-5.02265514,-6.0,-7.00100637
-5.95,-5.96033807,-5.95,14.6600023,-5.95,14.6636182,-5.95,-4.97265049,-5.95,-6.95100912
-5.9,-5.91034967,-5.9,14.6102279,-5.9,14.6138474,-5.9,-4.92264586,-5.9,-6.90101189
-5.85,-5.86036129,-5.85,14.5604537,-5.85,14.5640766,-5.85,-4.87264124,-5.85,-6.85101467
-5.8,-5.81037292,-5.8,14.5106796,-5.8,14.514306,-5.8,-4.82263665,-5.8,-6.80101746
-5.75,-5.76038457,-5.75,14.4609057,-5.75,14.4645356,-5.75,-4.77263207,-5.75,-6.75102026
-5.7,-5.71039623,-5.7,14.4111319,-5.7,14.4147653,-5.7,-4.72262751,-5.7,-6.70102308
-5.65,-5.66040791,-5.65,14.3613583,-5.65,14.3649951,-5.65,-4.67262297,-5.65,-6.65102591
-5.6,-5.6104196,-5.6,14.3115848,-5.6,14.3152251,-5.6,-4.62261844,-5.6,-6.60102875
-5.55,-5.5604313,-5.55,14.2618114,-5.55,14.2654552,-5.55,-4.57261394,-5.55,-6.55103161
-5.5,-5.51044303,-5.5,14.2120382,-5.5,14.2156855,-5.5,-4.52260945,-5.5,-6.50103448
-5.45,-5.46045476,-5.45,14.1622651,-5.45,14.165916,-5.45,-4.47260498,-5.45,-6.45103736
-5.4,-5.41046652,-5.4,14.1124922,-5.4,14.1161466,-5.4,-4.42260053,-5.4,-6.40104026
-5.35,-5.36047828,-5.35,14.0627194,-5.35,14.0663773,-5.35,-4.3725961,-5.35,-6.35104317
-5.3,-5.31049006,-5.3,14.0129467,-5.3,14.0166082,-5.3,-4.32259168,-5.3,-6.30104609
-5.25,-5.26050186,-5.25,13.9631742,-5.25,13.9668392,-5.25,-4.27258729,-5.25,-6.25104902
-5.2,-5.21051367,-5.2,13.9134019,-5.2,13.9170704,-5.2,-4.22258291,-5.2,-6.20105197
-5.15,-5.1605255,-5.15,13.8636297,-5.15,13.8673017,-5.15,-4.17257855,-5.15,-6.15105493
-5.1,-5.11053734,-5.1,13.8138576,-5.1,13.8175332,-5.1,-4.12257421,-5.1,-6.10105791
-5.05,-5.0605492,-5.05,13.7640857,-5.05,13.7677648,-5.05,-4.07256988,-5.05,-6.05106089
-5.0,-5.01056108,-5.0,13.7143139,-5.0,13.7179966,-5.0,-4.02256558,-5.0,-6.00106389
-4.95,-4.96057296,-4.95,13.6645423,-4.95,13.6682285,-4.95,-3.97256129,-4.95,-5.95106691
-4.9,-4.91058487,-4.9,13.6147708,-4.9,13.6184606,-4.9,-3.92255702,-4.9,-5.90106994
-4.85,-4.86059679,-4.85,13.5649995,-4.85,13.5686928,-4.85,-3.87255278,-4.85,-5.85107298
-4.8,-4.81060872,-4.8,13.5152283,-4.8,13.5189251,-4.8,-3.82254854,-4.8,-5.80107603
-4.75,-4.76062067,-4.75,13.4654573,-4.75,13.4691577,-4.75,-3.77254433,-4.75,-5.7510791
-4.7,-4.71063264,-4.7,13.4156864,-4.7,13.4193903,-4.7,-3.72254014,-4.7,-5.70108218
-4.65,-4.66064462,-4.65,13.3659156,-4.65,13.3696232,-4.65,-3.67253596,-4.65,-5.65108527
-4.6,-4.61065661,-4.6,13.316145,-4.6,13.3198561,-4.6,-3.6225318,-4.6,-5.60108838
-4.55,-4.56066863,-4.55,13.2663746,-4.55,13.2700893,-4.55,-3.57252766,-4.55,-5.5510915
-4.5,-4.51068065,-4.5,13.2166043,-4.5,13.2203225,-4.5,-3.52252354,-4.5,-5.50109464
-4.45,-4.4606927,-4.45,13.1668341,-4.45,13.170556,-4.45,-3.47251944,-4.45,-5.45109779
-4.4,-4.41070476,-4.4,13.1170641,-4.4,13.1207895,-4.4,-3.42251536,-4.4,-5.40110095
-4.35,-4.36071683,-4.35,13.0672942,-4.35,13.0710233,-4.35,-3.37251129,-4.35,-5.35110413
-4.3,-4.31072892,-4.3,13.0175245,-4.3,13.0212572,-4.3,-3.32250725,-4.3,-5.30110732
-4.25,-4.26074102,-4.25,12.967755,-4.25,12.9714912,-4.25,-3.27250322,-4.25,-5.25111052
-4.2,-4.21075315,-4.2,12.9179855,-4.2,12.9217254,-4.2,-3.22249921,-4.2,-5.20111374
-4.15,-4.16076528,-4.15,12.8682163,-4.15,12.8719597,-4.15,-3.17249522,-4.15,-5.15111697
-4.1,-4.11077744,-4.1,12.8184471,-4.1,12.8221942,-4.1,-3.12249125,-4.1,-5.10112021
-4.05,-4.0607896,-4.05,12.7686782,-4.05,12.7724288,-4.05,-3.0724873,-4.05,-5.05112347
-4.0,-4.01080179,-4.0,12.7189094,-4.0,12.7226636,-4.0,-3.02248336,-4.0,-5.00112674
-3.95,-3.96081399,-3.95,12.6691407,-3.95,12.6728986,-3.95,-2.97247945,-3.95,-4.95113003
-3.9,-3.9108262,-3.9,12.6193721,-3.9,12.6231337,-3.9,-2.92247555,-3.9,-4.90113332
-3.85,-3.86083844,-3.85,12.5696038,-3.85,12.5733689,-3.85,-2.87247168,-3.85,-4.85113664
-3.8,-3.81085068,-3.8,12.5198355,-3.8,12.5236044,-3.8,-2.82246782,-3.8,-4.80113997
-3.75,-3.76086295,-3.75,12.4700675,-3.75,12.4738399,-3.75,-2.77246398,-3.75,-4.75114331
-3.7,-3.71087523,-3.7,12.4202995,-3.7,12.4240756,-3.7,-2.72246016,-3.7,-4.70114666
-3.65,-3.66088752,-3.65,12.3705318,-3.65,12.3743115,-3.65,-2.67245635,-3.65,-4.65115003
-3.6,-3.61089984,-3.6,12.3207641,-3.6,12.3245475,-3.6,-2.62245257,-3.6,-4.60115341
-3.55,-3.56091216,-3.55,12.2709967,-3.55,12.2747837,-3.55,-2.57244881,-3.55,-4.55115681
-3.5,-3.51092451,-3.5,12.2212293,-3.5,12.22502,-3.5,-2.52244506,-3.5,-4.50116022
-3.45,-3.46093687,-3.45,12.1714622,-3.45,12.1752565,-3.45,-2.47244133,-3.45,-4.45116365
-3.4,-3.41094925,-3.4,12.1216951,-3.4,12.1254932,-3.4,-2.42243763,-3.4,-4.40116709
-3.35,-3.36096164,-3.35,12.0719283,-3.35,12.07573,-3.35,-2.37243394,-3.35,-4.35117054
-3.3,-3.31097405,-3.3,12.0221615,-3.3,12.0259669,-3.3,-2.32243027,-3.3,-4.30117401
-3.25,-3.26098647,-3.25,11.972395,-3.25,11.976204,-3.25,-2.27242662,-3.25,-4.25117749
-3.2,-3.21099891,-3.2,11.9226286,-3.2,11.9264413,-3.2,-2.22242299,-3.2,-4.20118099
-3.15,-3.16101137,-3.15,11.8728623,-3.15,11.8766787,-3.15,-2.17241937,-3.15,-4.1511845
-3.1,-3.11102385,-3.1,11.8230962,-3.1,11.8269163,-3.1,-2.12241578,-3.1,-4.10118802
-3.05,-3.06103634,-3.05,11.7733302,-3.05,11.7771541,-3.05,-2.07241221,-3.05,-4.05119156
-3.0,-3.01104884,-3.0,11.7235644,-3.0,11.7273919,-3.0,-2.02240865,-3.0,-4.00119511
-2.95,-2.96106137,-2.95,11.6737988,-2.95,11.67763,-2.95,-1.97240512,-2.95,-3.95119868
-2.9,-2.91107391,-2.9,11.6240333,-2.9,11.6278682,-2.9,-1.9224016,-2.9,-3.90120226
-2.85,-2.86108646,-2.85,11.5742679,-2.85,11.5781066,-2.85,-1.8723981,-2.85,-3.85120586
-2.8,-2.81109904,-2.8,11.5245027,-2.8,11.5283451,-2.8,-1.82239463,-2.8,-3.80120947
-2.75,-2.76111163,-2.75,11.4747377,-2.75,11.4785838,-2.75,-1.77239117,-2.75,-3.7512131
-2.7,-2.71112423,-2.7,11.4249728,-2.7,11.4288226,-2.7,-1.72238773,-2.7,-3.70121674
-2.65,-2.66113686,-2.65,11.375208,-2.65,11.3790616,-2.65,-1.67238431,-2.65,-3.65122039
-2.6,-2.6111495,-2.6,11.3254435,-2.6,11.3293007,-2.6,-1.62238091,-2.6,-3.60122406
-2.55,-2.56116215,-2.55,11.275679,-2.55,11.2795401,-2.55,-1.57237753,-2.55,-3.55122775
-2.5,-2.51117482,-2.5,11.2259148,-2.5,11.2297795,-2.5,-1.52237416,-2.5,-3.50123144
-2.45,-2.46118751,-2.45,11.1761506,-2.45,11.1800191,-2.45,-1.47237082,-2.45,-3.45123516
-2.4,-2.41120022,-2.4,11.1263867,-2.4,11.1302589,-2.4,-1.4223675,-2.4,-3.40123888
-2.35,-2.36121294,-2.35,11.0766229,-2.35,11.0804989,-2.35,-1.37236419,-2.35,-3.35124263
-2.3,-2.31122568,-2.3,11.0268592,-2.3,11.030739,-2.3,-1.32236091,-2.3,-3.30124638
-2.25,-2.26123844,-2.25,10.9770957,-2.25,10.9809792,-2.25,-1.27235765,-2.25,-3.25125016
-2.2,-2.21125122,-2.2,10.9273324,-2.2,10.9312197,-2.2,-1.2223544,-2.2,-3.20125394
-2.15,-2.16126401,-2.15,10.8775692,-2.15,10.8814602,-2.15,-1.17235117,-2.15,-3.15125774
-2.1,-2.11127681,-2.1,10.8278061,-2.1,10.831701,-2.1,-1.12234797,-2.1,-3.10126156
-2.05,-2.06128964,-2.05,10.7780433,-2.05,10.7819419,-2.05,-1.07234478,-2.05,-3.05126539
-2.0,-2.01130248,-2.0,10.7282805,-2.0,10.732183,-2.0,-1.02234162,-2.0,-3.00126924
-1.95,-1.96131534,-1.95,10.678518,-1.95,10.6824242,-1.95,-0.972338468,-1.95,-2.9512731
-1.9,-1.91132822,-1.9,10.6287556,-1.9,10.6326656,-1.9,-0.92233534,-1.9,-2.90127697
-1.85,-1.86134111,-1.85,10.5789933,-1.85,10.5829071,-1.85,-0.872332232,-1.85,-2.85128087
-1.8,-1.81135402,-1.8,10.5292312,-1.8,10.5331488,-1.8,-0.822329144,-1.8,-2.80128477
-1.75,-1.76136695,-1.75,10.4794693,-1.75,10.4833907,-1.75,-0.772326076,-1.75,-2.75128869
-1.7,-1.71137989,-1.7,10.4297075,-1.7,10.4336327,-1.7,-0.722323027,-1.7,-2.70129263
-1.65,-1.66139286,-1.65,10.3799459,-1.65,10.3838749,-1.65,-0.672319998,-1.65,-2.65129658
-1.6,-1.61140584,-1.6,10.3301844,-1.6,10.3341173,-1.6,-0.622316989,-1.6,-2.60130055
-1.55,-1.56141883,-1.55,10.2804231,-1.55,10.2843598,-1.55,-0.572314,-1.55,-2.55130453
-1.5,-1.51143185,-1.5,10.230662,-1.5,10.2346025,-1.5,-0.522311031,-1.5,-2.50130853
-1.45,-1.46144488,-1.45,10.180901,-1.45,10.1848453,-1.45,-0.472308081,-1.45,-2.45131254
-1.4,-1.41145793,-1.4,10.1311401,-1.4,10.1350883,-1.4,-0.422305152,-1.4,-2.40131657
-1.35,-1.36147099,-1.35,10.0813795,-1.35,10.0853315,-1.35,-0.372302242,-1.35,-2.35132061
-1.3,-1.31148408,-1.3,10.031619,-1.3,10.0355748,-1.3,-0.322299352,-1.3,-2.30132467
-1.25,-1.26149718,-1.25,9.9818586,-1.25,9.98581828,-1.25,-0.272296483,-1.25,-2.25132874
-1.2,-1.2115103,-1.2,9.93209841,-1.2,9.93606194,-1.2,-0.222293633,-1.2,-2.20133283
-1.15,-1.16152344,-1.15,9.88233837,-1.15,9.88630576,-1.15,-0.172290803,-1.15,-2.15133693
-1.1,-1.11153659,-1.1,9.83257849,-1.1,9.83654974,-1.1,-0.122287994,-1.1,-2.10134105
-1.05,-1.06154976,-1.05,9.78281878,-1.05,9.78679389,-1.05,-0.072285204,-1.05,-2.05134519
-1.0,-1.01156295,-1.0,9.73305922,-1.0,9.7370382,-1.0,-0.0222824346,-1.0,-2.00134934
-0.95,-0.961576162,-0.95,9.68329982,-0.95,9.68728268,-0.95,0.0277203148,-0.95,-1.9513535
-0.9,-0.911589387,-0.9,9.63354058,-0.9,9.63752732,-0.9,0.0777230439,-0.9,-1.90135769
-0.85,-0.86160263,-0.85,9.58378151,-0.85,9.58777212,-0.85,0.127725753,-0.85,-1.85136188
-0.8,-0.811615891,-0.8,9.53402259,-0.8,9.5380171,-0.8,0.177728442,-0.8,-1.8013661
-0.75,-0.76162917,-0.75,9.48426384,-0.75,9.48826223,-0.75,0.22773111,-0.75,-1.75137032
-0.7,-0.711642467,-0.7,9.43450524,-0.7,9.43850753,-0.7,0.277733758,-0.7,-1.70137457
-0.65,-0.661655782,-0.65,9.38474681,-0.65,9.388753,-0.65,0.327736386,-0.65,-1.65137883
-0.6,-0.611669115,-0.6,9.33498854,-0.6,9.33899863,-0.6,0.377738994,-0.6,-1.60138311
-0.55,-0.561682466,-0.55,9.28523043,-0.55,9.28924443,-0.55,0.427741581,-0.55,-1.5513874
-0.5,-0.511695835,-0.5,9.23547248,-0.5,9.2394904,-0.5,0.477744148,-0.5,-1.5013917
-0.45,-0.461709222,-0.45,9.18571469,-0.45,9.18973653,-0.45,0.527746695,-0.45,-1.45139603
-0.4,-0.411722627,-0.4,9.13595707,-0.4,9.13998283,-0.4,0.577749221,-0.4,-1.40140037
-0.35,-0.36173605,-0.35,9.08619961,-0.35,9.0902293,-0.35,0.627751727,-0.35,-1.35140472
-0.3,-0.311749492,-0.3,9.03644231,-0.3,9.04047593,-0.3,0.677754212,-0.3,-1.30140909
-0.25,-0.261762951,-0.25,8.98668518,-0.25,8.99072273,-0.25,0.727756677,-0.25,-1.25141348
-0.2,-0.211776429,-0.2,8.9369282,-0.2,8.9409697,-0.2,0.777759121,-0.2,-1.20141788
-0.15,-0.161789925,-0.15,8.88717139,-0.15,8.89121683,-0.15,0.827761545,-0.15,-1.1514223
-0.1,-0.11180344,-0.1,8.83741475,-0.1,8.84146414,-0.1,0.877763948,-0.1,-1.10142674
-0.05,-0.0618169727,-0.05,8.78765827,-0.05,8.79171161,-0.05,0.927766331,-0.05,-1.05143119
6.44900799e-14,-0.011830524,6.44900799e-14,8.73790195,6.44900799e-14,8.74195925,6.44900799e-14,0.977768692,6.44900799e-14,-1.00143566
0.05,0.0381559062,0.05,8.68814579,0.05,8.69220706,0.05,1.02777103,0.05,-0.951440141
0.1,0.088142318,0.1,8.6383898,0.1,8.64245504,0.1,1.07777335,0.1,-0.901444641
0.15,0.138128711,0.15,8.58863398,0.15,8.59270318,0.15,1.12777565,0.15,-0.851449157
0.2,0.188115086,0.2,8.53887832,0.2,8.5429515,0.2,1.17777793,0.2,-0.801453689
0.25,0.238101442,0.25,8.48912282,0.25,8.49319998,0.25,1.22778019,0.25,-0.751458238
0.3,0.28808778,0.3,8.43936749,0.3,8.44344864,0.3,1.27778243,0.3,-0.701462803
0.35,0.338074099,0.35,8.38961232,0.35,8.39369746,0.35,1.32778465,0.35,-0.651467384
0.4,0.388060399,0.4,8.33985732,0.4,8.34394646,0.4,1.37778684,0.4,-0.601471982
0.45,0.43804668,0.45,8.29010249,0.45,8.29419562,0.45,1.42778902,0.45,-0.551476596
0.5,0.488032943,0.5,8.24034782,0.5,8.24444496,0.5,1.47779117,0.5,-0.501481227
0.55,0.538019187,0.55,8.19059331,0.55,8.19469446,0.55,1.5277933,0.55,-0.451485874
0.6,0.588005412,0.6,8.14083898,0.6,8.14494414,0.6,1.57779542,0.6,-0.401490538
0.65,0.637991619,0.65,8.09108481,0.65,8.09519398,0.65,1.62779751,0.65,-0.351495219
0.7,0.687977806,0.7,8.0413308,0.7,8.045444,0.7,1.67779958,0.7,-0.301499916
0.75,0.737963974,0.75,7.99157697,0.75,7.99569419,0.75,1.72780163,0.75,-0.251504629
0.8,0.787950124,0.8,7.9418233,0.8,7.94594456,0.8,1.77780365,0.8,-0.20150936
0.85,0.837936254,0.85,7.89206979,0.85,7.89619509,0.85,1.82780566,0.85,-0.151514107
0.9,0.887922366,0.9,7.84231646,0.9,7.8464458,0.9,1.87780765,0.9,-0.10151887
0.95,0.937908458,0.95,7.79256329,0.95,7.79669667,0.95,1.92780961,0.95,-0.0515236509
1.0,0.987894531,1.0,7.74281029,1.0,7.74694773,1.0,1.97781156,1.0,-0.00152844827
1.05,1.03788059,1.05,7.69305746,1.05,7.69719895,1.05,2.02781348,1.05,0.0484667375
1.1,1.08786662,1.1,7.64330479,1.1,7.64745035,1.1,2.07781538,1.1,0.0984619065
1.15,1.13785264,1.15,7.5935523,1.15,7.59770192,1.15,2.12781726,1.15,0.148457058
1.2,1.18783863,1.2,7.54379997,1.2,7.54795366,1.2,2.17781912,1.2,0.198452194
1.25,1.23782461,1.25,7.49404782,1.25,7.49820557,1.25,2.22782095,1.25,0.248447312
1.3,1.28781057,1.3,7.44429583,1.3,7.44845767,1.3,2.27782277,1.3,0.298442413
1.35,1.3377965,1.35,7.39454401,1.35,7.39870993,1.35,2.32782456,1.35,0.348437497
1.4,1.38778242,1.4,7.34479236,1.4,7.34896237,1.4,2.37782634,1.4,0.398432564
1.45,1.43776832,1.45,7.29504088,1.45,7.29921498,1.45,2.42782809,1.45,0.448427613
1.5,1.4877542,1.5,7.24528957,1.5,7.24946777,1.5,2.47782982,1.5,0.498422646
1.55,1.53774006,1.55,7.19553843,1.55,7.19972073,1.55,2.52783153,1.55,0.548417662
1.6,1.5877259,1.6,7.14578746,1.6,7.14997387,1.6,2.57783321,1.6,0.59841266
1.65,1.63771173,1.65,7.09603666,1.65,7.10022718,1.65,2.62783488,1.65,0.648407641
1.7,1.68769753,1.7,7.04628603,1.7,7.05048067,1.7,2.67783652,1.7,0.698402605
1.75,1.73768331,1.75,6.99653557,1.75,7.00073434,1.75,2.72783815,1.75,0.748397551
1.8,1.78766907,1.8,6.94678529,1.8,6.95098818,1.8,2.77783975,1.8,0.79839248
1.85,1.83765481,1.85,6.89703517,1.85,6.9012422,1.85,2.82784132,1.85,0.848387391
1.9,1.88764054,1.9,6.84728523,1.9,6.85149639,1.9,2.87784288,1.9,0.898382286
1.95,1.93762624,1.95,6.79753546,1.95,6.80175076,1.95,2.92784442,1.95,0.948377162
2.0,1.98761192,2.0,6.74778586,2.0,6.75200531,2.0,2.97784593,2.0,0.998372021
2.05,2.03759758,2.05,6.69803643,2.05,6.70226003,2.05,3.02784742,2.05,1.04836686
2.1,2.08758323,2.1,6.64828718,2.1,6.65251493,2.1,3.07784889,2.1,1.09836169
2.15,2.13756885,2.15,6.59853809,2.15,6.60277001,2.15,3.12785034,2.15,1.14835649
2.2,2.18755445,2.2,6.54878919,2.2,6.55302527,2.2,3.17785177,2.2,1.19835128
2.25,2.23754004,2.25,6.49904045,2.25,6.5032807,2.25,3.22785317,2.25,1.24834605
2.3,2.2875256,2.3,6.44929189,2.3,6.45353631,2.3,3.27785455,2.3,1.29834081
2.35,2.33751114,2.35,6.3995435,2.35,6.4037921,2.35,3.32785591,2.35,1.34833554
2.4,2.38749666,2.4,6.34979528,2.4,6.35404807,2.4,3.37785725,2.4,1.39833026
2.45,2.43748216,2.45,6.30004724,2.45,6.30430422,2.45,3.42785857,2.45,1.44832496
2.5,2.48746765,2.5,6.25029937,2.5,6.25456055,2.5,3.47785986,2.5,1.49831964
2.55,2.53745311,2.55,6.20055168,2.55,6.20481706,2.55,3.52786113,2.55,1.54831431
2.6,2.58743855,2.6,6.15080416,2.6,6.15507374,2.6,3.57786238,2.6,1.59830895
2.65,2.63742397,2.65,6.10105682,2.65,6.10533061,2.65,3.62786361,2.65,1.64830358
2.7,2.68740937,2.7,6.05130965,2.7,6.05558766,2.7,3.67786481,2.7,1.69829819
2.75,2.73739475,2.75,6.00156265,2.75,6.00584488,2.75,3.727866,2.75,1.74829278
2.8,2.78738011,2.8,5.95181583,2.8,5.95610229,2.8,3.77786716,2.8,1.79828736
2.85,2.83736545,2.85,5.90206919,2.85,5.90635988,2.85,3.82786829,2.85,1.84828191
2.9,2.88735077,2.9,5.85232272,2.9,5.85661764,2.9,3.87786941,2.9,1.89827645
2.95,2.93733606,2.95,5.80257643,2.95,5.80687559,2.95,3.9278705,2.95,1.94827097
3.0,2.98732134,3.0,5.75283032,3.0,5.75713372,3.0,3.97787158,3.0,1.99826547
3.05,3.0373066,3.05,5.70308438,3.05,5.70739204,3.05,4.02787262,3.05,2.04825995
3.1,3.08729183,3.1,5.65333862,3.1,5.65765053,3.1,4.07787365,3.1,2.09825442
3.15,3.13727705,3.15,5.60359304,3.15,5.60790921,3.15,4.12787465,3.15,2.14824887
3.2,3.18726224,3.2,5.55384763,3.2,5.55816807,3.2,4.17787563,3.2,2.19824329
3.25,3.23724741,3.25,5.5041024,3.25,5.50842711,3.25,4.22787659,3.25,2.2482377
3.3,3.28723256,3.3,5.45435735,3.3,5.45868633,3.3,4.27787753,3.3,2.29823209
3.35,3.33721769,3.35,5.40461247,3.35,5.40894574,3.35,4.32787844,3.35,2.34822647
3.4,3.3872028,3.4,5.35486778,3.4,5.35920533,3.4,4.37787933,3.4,2.39822082
3.45,3.43718789,3.45,5.30512326,3.45,5.3094651,3.45,4.4278802,3.45,2.44821516
3.5,3.48717296,3.5,5.25537892,3.5,5.25972506,3.5,4.47788105,3.5,2.49820947
3.55,3.53715801,3.55,5.20563476,3.55,5.2099852,3.55,4.52788187,3.55,2.54820377
3.6,3.58714303,3.6,5.15589077,3.6,5.16024552,3.6,4.57788267,3.6,2.59819805
3.65,3.63712804,3.65,5.10614697,3.65,5.11050603,3.65,4.62788344,3.65,2.64819231
3.7,3.68711302,3.7,5.05640335,3.7,5.06076672,3.7,4.6778842,3.7,2.69818655
3.75,3.73709798,3.75,5.00665991,3.75,5.0110276,3.75,4.72788493,3.75,2.74818078
3.8,3.78708292,3.8,4.95691664,3.8,4.96128867,3.8,4.77788563,3.8,2.79817498
3.85,3.83706784,3.85,4.90717356,3.85,4.91154991,3.85,4.82788632,3.85,2.84816916
3.9,3.88705274,3.9,4.85743065,3.9,4.86181135,3.9,4.87788698,3.9,2.89816333
3.95,3.93703761,3.95,4.80768793,3.95,4.81207297,3.95,4.92788762,3.95,2.94815748
4.0,3.98702247,4.0,4.75794539,4.0,4.76233477,4.0,4.97788824,4.0,2.99815161
4.05,4.0370073,4.05,4.70820303,4.05,4.71259677,4.05,5.02788883,4.05,3.04814572
4.1,4.08699211,4.1,4.65846085,4.1,4.66285894,4.1,5.0778894,4.1,3.09813981
4.15,4.1369769,4.15,4.60871885,4.15,4.61312131,4.15,5.12788994,4.15,3.14813388
4.2,4.18696167,4.2,4.55897703,4.2,4.56338386,4.2,5.17789047,4.2,3.19812793
4.25,4.23694641,4.25,4.5092354,4.25,4.5136466,4.25,5.22789096,4.25,3.24812196
4.3,4.28693114,4.3,4.45949394,4.3,4.46390953,4.3,5.27789144,4.3,3.29811597
4.35,4.33691584,4.35,4.40975267,4.35,4.41417264,4.35,5.32789189,4.35,3.34810997
4.4,4.38690052,4.4,4.36001158,4.4,4.36443594,4.4,5.37789232,4.4,3.39810394
4.45,4.43688518,4.45,4.31027068,4.45,4.31469943,4.45,5.42789273,4.45,3.4480979
4.5,4.48686982,4.5,4.26052995,4.5,4.26496311,4.5,5.47789311,4.5,3.49809183
4.55,4.53685443,4.55,4.21078942,4.55,4.21522698,4.55,5.52789347,4.55,3.54808575
4.6,4.58683902,4.6,4.16104906,4.6,4.16549103,4.6,5.5778938,4.6,3.59807965
4.65,4.63682359,4.65,4.11130889,4.65,4.11575528,4.65,5.62789412,4.65,3.64807352
4.7,4.68680814,4.7,4.0615689,4.7,4.06601971,4.7,5.6778944,4.7,3.69806738
4.75,4.73679267,4.75,4.01182909,4.75,4.01628434,4.75,5.72789467,4.75,3.74806122
4.8,4.78677717,4.8,3.96208947,4.8,3.96654915,4.8,5.77789491,4.8,3.79805504
4.85,4.83676165,4.85,3.91235004,4.85,3.91681415,4.85,5.82789513,4.85,3.84804884
4.9,4.88674611,4.9,3.86261079,4.9,3.86707935,4.9,5.87789532,4.9,3.89804262
4.95,4.93673055,4.95,3.81287172,4.95,3.81734473,4.95,5.92789549,4.95,3.94803637
5.0,4.98671496,5.0,3.76313284,5.0,3.76761031,5.0,5.97789564,5.0,3.99803011
5.05,5.03669936,5.05,3.71339415,5.05,3.71787607,5.05,6.02789576,5.05,4.04802383
5.1,5.08668373,5.1,3.66365564,5.1,3.66814203,5.1,6.07789586,5.1,4.09801753
5.15,5.13666807,5.15,3.61391732,5.15,3.61840818,5.15,6.12789593,5.15,4.14801121
5.2,5.1866524,5.2,3.56417918,5.2,3.56867452,5.2,6.17789598,5.2,4.19800487
5.25,5.2366367,5.25,3.51444123,5.25,3.51894105,5.25,6.22789601,5.25,4.24799851
5.3,5.28662098,5.3,3.46470347,5.3,3.46920777,5.3,6.27789601,5.3,4.29799213
5.35,5.33660523,5.35,3.41496589,5.35,3.41947469,5.35,6.32789599,5.35,4.34798573
5.4,5.38658947,5.4,3.3652285,5.4,3.3697418,5.4,6.37789594,5.4,4.39797931
5.45,5.43657368,5.45,3.3154913,5.45,3.3200091,5.45,6.42789587,5.45,4.44797287
5.5,5.48655787,5.5,3.26575429,5.5,3.2702766,5.5,6.47789577,5.5,4.49796641
5.55,5.53654203,5.55,3.21601746,5.55,3.22054429,5.55,6.52789565,5.55,4.54795992
5.6,5.58652617,5.6,3.16628083,5.6,3.17081217,5.6,6.57789551,5.6,4.59795342
5.65,5.63651029,5.65,3.11654438,5.65,3.12108025,5.65,6.62789534,5.65,4.6479469
5.7,5.68649439,5.7,3.06680811,5.7,3.07134852,5.7,6.67789515,5.7,4.69794036
5.75,5.73647846,5.75,3.01707204,5.75,3.02161698,5.75,6.72789494,5.75,4.74793379
5.8,5.78646251,5.8,2.96733616,5.8,2.97188564,5.8,6.77789469,5.8,4.79792721
5.85,5.83644654,5.85,2.91760047,5.85,2.9221545,5.85,6.82789443,5.85,4.8479206
5.9,5.88643054,5.9,2.86786496,5.9,2.87242355,5.9,6.87789414,5.9,4.89791398
5.95,5.93641452,5.95,2.81812965,5.95,2.82269279,5.95,6.92789382,5.95,4.94790733
6.0,5.98639848,6.0,2.76839452,6.0,2.77296224,6.0,6.97789349,6.0,4.99790067
6.05,6.03638241,6.05,2.71865959,6.05,2.72323187,6.05,7.02789312,6.05,5.04789398
6.1,6.08636632,6.1,2.66892485,6.1,2.67350171,6.1,7.07789273,6.1,5.09788727
6.15,6.1363502,6.15,2.61919029,6.15,2.62377174,6.15,7.12789232,6.15,5.14788054
6.2,6.18633407,6.2,2.56945593,6.2,2.57404196,6.2,7.17789188,6.2,5.19787379
6.25,6.23631791,6.25,2.51972176,6.25,2.52431239,6.25,7.22789142,6.25,5.24786702
6.3,6.28630172,6.3,2.46998778,6.3,2.47458301,6.3,7.27789093,6.3,5.29786023
6.35,6.33628551,6.35,2.420254,6.35,2.42485383,6.35,7.32789042,6.35,5.34785342
6.4,6.38626928,6.4,2.3705204,6.4,2.37512484,6.4,7.37788988,6.4,5.39784658
6.45,6.43625302,6.45,2.320787,6.45,2.32539606,6.45,7.42788932,6.45,5.44783973
6.5,6.48623674,6.5,2.27105379,6.5,2.27566747,6.5,7.47788873,6.5,5.49783285
6.55,6.53622044,6.55,2.22132077,6.55,2.22593908,6.55,7.52788812,6.55,5.54782595
6.6,6.58620411,6.6,2.17158795,6.6,2.17621089,6.6,7.57788748,6.6,5.59781904
6.65,6.63618776,6.65,2.12185532,6.65,2.1264829,6.65,7.62788682,6.65,5.6478121
6.7,6.68617139,6.7,2.07212288,6.7,2.07675511,6.7,7.67788613,6.7,5.69780513
6.75,6.73615499,6.75,2.02239063,6.75,2.02702751,6.75,7.72788542,6.75,5.74779815
6.8,6.78613856,6.8,1.97265858,6.8,1.97730012,6.8,7.77788468,6.8,5.79779115
6.85,6.83612212,6.85,1.92292673,6.85,1.92757293,6.85,7.82788392,6.85,5.84778412
6.9,6.88610564,6.9,1.87319507,6.9,1.87784593,6.9,7.87788313,6.9,5.89777707
6.95,6.93608915,6.95,1.8234636,6.95,1.82811914,6.95,7.92788231,6.95,5.94777001
7.0,6.98607263,7.0,1.77373233,7.0,1.77839255,7.0,7.97788147,7.0,5.99776292
7.05,7.03605608,7.05,1.72400125,7.05,1.72866616,7.05,8.02788061,7.05,6.0477558
7.1,7.08603951,7.1,1.67427037,7.1,1.67893997,7.1,8.07787972,7.1,6.09774867
7.15,7.13602292,7.15,1.62453969,7.15,1.62921398,7.15,8.1278788,7.15,6.14774151
7.2,7.1860063,7.2,1.5748092,7.2,1.5794882,7.2,8.17787786,7.2,6.19773434
7.25,7.23598966,7.25,1.5250789,7.25,1.52976262,7.25,8.22787689,7.25,6.24772714
7.3,7.28597299,7.3,1.47534881,7.3,1.48003723,7.3,8.2778759,7.3,6.29771992
7.35,7.3359563,7.35,1.42561891,7.35,1.43031206,7.35,8.32787488,7.35,6.34771267
7.4,7.38593958,7.4,1.3758892,7.4,1.38058708,7.4,8.37787383,7.4,6.39770541
7.45,7.43592284,7.45,1.3261597,7.45,1.33086231,7.45,8.42787276,7.45,6.44769812
7.5,7.48590607,7.5,1.27643039,7.5,1.28113774,7.5,8.47787167,7.5,6.49769081
7.55,7.53588928,7.55,1.22670128,7.55,1.23141338,7.55,8.52787054,7.55,6.54768348
7.6,7.58587246,7.6,1.17697237,7.6,1.18168921,7.6,8.57786939,7.6,6.59767613
7.65,7.63585562,7.65,1.12724365,7.65,1.13196526,7.65,8.62786822,7.65,6.64766875
7.7,7.68574734,7.7,1.07760608,7.7,1.08233244,7.7,8.67777558,7.7,6.69756993
7.75,7.73497481,7.75,1.02972189,7.75,1.03445295,7.75,8.72701847,7.75,6.74680672
7.8,7.78415355,7.8,0.984196366,7.8,0.988932131,7.8,8.77621262,7.8,6.7959948
7.85,7.83327976,7.85,0.940998762,7.85,0.945739234,7.85,8.82535422,7.85,6.84513033
7.9,7.88235318,7.9,0.900086049,7.9,0.904831233,7.9,8.874443,7.9,6.89421307
7.95,7.9313726,7.95,0.861400838,7.95,0.866150736,7.95,8.92347776,7.95,6.9432418
8.0,7.98033701,8.0,0.824874347,8.0,0.829628964,8.0,8.97245749,8.0,6.99221553
8.05,8.02924559,8.05,0.79042832,8.05,0.795187658,8.05,9.02138137,8.05,7.04113342
8.1,8.07809766,8.1,0.75797705,8.1,0.762741113,8.1,9.07024872,8.1,7.0899948
8.15,8.1268927,8.15,0.727429394,8.15,0.732198185,8.15,9.11905901,8.15,7.13879914
8.2,8.17563032,8.2,0.698690692,8.2,0.703464213,8.2,9.16781186,8.2,7.18754604
8.25,8.22431023,8.25,0.671664516,8.25,0.67644277,8.25,9.21650698,8.25,7.23623525
8.3,8.27293227,8.3,0.646254216,8.3,0.651037205,8.3,9.26514421,8.3,7.28486657
8.35,8.32149634,8.35,0.622364228,8.35,0.627151954,8.35,9.31372345,8.35,7.33343991
8.4,8.37000242,8.4,0.599901144,8.4,0.604693609,8.4,9.36224467,8.4,7.38195526
8.45,8.41845054,8.45,0.578774552,8.45,0.583571759,8.45,9.41070792,8.45,7.43041265
8.5,8.46684078,8.5,0.558897668,8.5,0.563699618,8.5,9.45911326,8.5,7.47881215
8.55,8.51517324,8.55,0.540187769,8.55,0.544994464,8.55,9.50746081,8.55,7.52715386
8.6,8.56344807,8.6,0.522566477,8.6,0.527377918,8.6,9.5557507,8.6,7.57543793
8.65,8.6116654,8.65,0.505959899,8.65,0.510776089,8.65,9.60398307,8.65,7.6236645
8.7,8.6598254,8.7,0.490298666,8.7,0.495119605,8.7,9.65215809,8.7,7.67183374
8.75,8.70792823,8.75,0.475517881,8.75,0.48034357,8.75,9.70027593,8.75,7.71994579
8.8,8.75597406,8.8,0.461557006,8.8,0.466387447,8.8,9.74833674,8.8,7.76800084
8.85,8.80396306,8.85,0.448359703,8.85,0.453194898,8.85,9.7963407,8.85,7.81599905
8.9,8.85189538,8.9,0.435873643,8.9,0.440713592,8.9,9.84428796,8.9,7.86394058
8.95,8.89977118,8.95,0.42405029,8.95,0.428894994,8.95,9.89217869,8.95,7.91182557
9.0,8.94759061,9.0,0.412844678,9.0,0.41769414,9.0,9.94001302,9.0,7.95965419
9.05,8.99535379,9.05,0.402215186,9.05,0.407069409,9.05,9.98779109,9.05,8.00742655
9.1,9.04306081,9.1,0.392123304,9.1,0.396982303,9.1,10.035513,9.1,8.05514275
9.15,9.09071153,9.15,0.382533397,9.15,0.387397237,9.15,10.0831785,9.15,8.10280264
9.2,9.13830462,9.2,0.373412398,9.2,0.37828141,9.2,10.1307865,9.2,8.15040489
9.25,9.18583225,9.25,0.364729173,9.25,0.369605005,9.25,10.1783289,9.25,8.1979417
9.3,9.23325084,9.3,0.35645211,9.3,0.361343183,9.3,10.2257624,9.3,8.24536954
9.35,9.28031798,9.35,0.348537879,9.35,0.35348758,9.35,10.2728448,9.35,8.2924463
9.4,9.3256923,9.4,0.340878038,9.4,0.34610868,9.4,10.3182355,9.4,8.33783165
9.45,9.3623937,9.45,0.333096792,9.45,0.339661632,9.45,10.3549546,9.45,8.37454631
9.5,9.36670124,9.5,0.32426031,9.5,0.335718953,9.5,10.3592632,9.5,8.37885435
9.55,9.31862557,9.55,0.313459972,9.55,0.335602668,9.55,10.3111649,9.55,8.3307618
9.6,9.23148271,9.6,0.300976353,9.6,0.338511552,9.6,10.2239937,9.6,8.24360087
9.65,9.12360495,9.65,0.287542749,9.65,0.343366443,9.65,10.1160823,9.65,8.13570225
9.7,9.00709868,9.7,0.2736097,9.7,0.349454181,9.7,9.99953984,9.7,8.01917351
9.75,8.88856846,9.75,0.259419889,9.75,0.356378107,9.75,9.88097274,9.75,7.90062043
9.8,8.77149405,9.8,0.245111189,9.8,0.363921744,9.8,9.7638619,9.8,7.78352347
9.85,8.65776397,9.85,0.230777189,9.85,0.371962376,9.85,9.65009644,9.85,7.6697715
9.9,8.54819683,9.9,0.21648313,9.9,0.380455551,9.9,9.5404952,9.9,7.56018328
9.95,8.44322482,9.95,0.202309046,9.95,0.389398577,9.95,9.43549052,9.95,7.45519108
10.0,8.34283108,10.0,0.188351787,10.0,0.398861726,10.0,9.33506553,10.0,7.35477805
10.05,8.24672437,10.05,0.174750065,10.05,0.409003573,10.05,9.23892891,10.05,7.25865288
10.1,8.15446168,10.1,0.16170337,10.1,0.420090827,10.1,9.1466375,10.1,7.16637248
10.15,8.06565731,10.15,0.149473107,10.15,0.432489672,10.15,9.05780548,10.15,7.07755107
10.2,7.98032339,10.2,0.138345363,10.2,0.44658975,10.2,8.972445,10.2,6.99220079
10.25,7.89922136,10.25,0.128555047,10.25,0.462662469,10.25,8.89131771,10.25,6.9110832
10.3,7.8236236,10.3,0.120217329,10.3,0.48073995,10.3,8.81569641,10.3,6.83547097
10.35,7.74332475,10.35,0.11335392,10.35,0.500703958,10.35,8.73537255,10.35,6.75515673
10.4,7.65131349,10.4,0.107838062,10.4,0.52254348,10.4,8.64333264,10.4,6.66312786
10.45,7.54108334,10.45,0.103678025,10.45,0.549955811,10.45,8.53306815,10.45,6.55287661
10.5,-14.4984793,10.5,0.0594193075,10.5,0.39952137,10.5,-14.809037,10.5,-14.8092306
10.55,-14.5066431,10.55,0.0594199153,10.55,0.34952114,10.55,-14.8092234,10.55,-14.8092366
10.6,-14.5052805,10.6,0.0594213518,10.6,0.299542636,10.6,-14.8092353,10.6,-14.8092366
10.65,-14.5065093,10.65,0.0594228544,10.65,0.249560587,10.65,-14.8092358,10.65,-14.8092362
10.7,-14.5066195,10.7,0.0594243636,10.7,0.199577368,10.7,-14.8092354,10.7,-14.8092358
10.75,-14.5066414,10.75,0.059425873,10.75,0.149594974,10.75,-14.809235,10.75,-14.8092354
10.8,-14.506641,10.8,0.0594273819,10.8,0.0996119615,10.8,-14.8092346,10.8,-14.809235
10.85,-14.5066405,10.85,0.0594288901,10.85,0.0496312495,10.85,-14.8092342,10.85,-14.8092346
10.9,-14.50664,10.9,0.0594303977,10.9,-0.000348935971,10.9,-14.8092338,10.9,-14.8092342
10.95,-14.5066395,10.95,0.0594319045,10.95,-0.0503360032,10.95,-14.8092334,10.95,-14.8092337
11.0,-14.506639,11.0,0.0594334106,11.0,-0.100314497,11.0,-14.809233,11.0,-14.8092333
11.05,-14.5066385,11.05,0.059434916,11.05,-0.150296158,11.05,-14.8092326,11.05,-14.8092329
11.1,-14.506638,11.1,0.0594364207,11.1,-0.200280195,11.1,-14.8092322,11.1,-14.8092325
11.15,-14.5066375,11.15,0.0594379248,11.15,-0.25026114,11.15,-14.8092318,11.15,-14.8092321
11.2,-14.506637,11.2,0.0594394281,11.2,-0.300243076,11.2,-14.8092314,11.2,-14.8092317
11.25,-14.5066365,11.25,0.0594409307,11.25,-0.35022623,11.25,-14.8092309,11.25,-14.8092313
11.3,-14.506636,11.3,0.0594424326,11.3,-0.40020622,11.3,-14.8092305,11.3,-14.8092309
11.35,-14.5066355,11.35,0.0594439339,11.35,-0.450192237,11.35,-14.8092301,11.35,-14.8092305
11.4,-14.506635,11.4,0.0594454344,11.4,-0.500171406,11.4,-14.8092297,11.4,-14.8092301
11.45,-14.5066345,11.45,0.0594469342,11.45,-0.550154749,11.45,-14.8092293,11.45,-14.8092297
11.5,-14.506634,11.5,0.0594484334,11.5,-0.60013638,11.5,-14.8092289,11.5,-14.8092293
11.55,-14.5066335,11.55,0.0594499318,11.55,-0.650118388,11.55,-14.8092285,11.55,-14.8092289
11.6,-14.506633,11.6,0.0594514296,11.6,-0.700098565,11.6,-14.8092281,11.6,-14.8092285
11.65,-14.5066325,11.65,0.0594529266,11.65,-0.750084487,11.65,-14.8092277,11.65,-14.8092281
11.7,-14.506632,11.7,0.059454423,11.7,-0.800066383,11.7,-14.8092273,11.7,-14.8092276
11.75,-14.5066315,11.75,0.0594559187,11.75,-0.85004727,11.75,-14.8092269,11.75,-14.8092272
11.8,-14.506631,11.8,0.0594574137,11.8,-0.900029132,11.8,-14.8092265,11.8,-14.8092268
11.85,-14.5066305,11.85,0.059458908,11.85,-0.950012791,11.85,-14.8092261,11.85,-14.8092264
11.9,-14.5066301,11.9,0.0594604016,11.9,-0.99999361,11.9,-14.8092257,11.9,-14.809226
11.95,-14.5066295,11.95,0.0594618945,11.95,-1.04997625,11.95,-14.8092253,11.95,-14.8092256
12.0,-14.506629,12.0,0.0594633867,12.0,-1.099959,12.0,-14.8092249,12.0,-14.8092252
12.05,-14.5066285,12.05,0.0594648783,12.05,-1.14994022,12.05,-14.8092245,12.05,-14.8092248
12.1,-14.506628,12.1,0.0594663691,12.1,-1.1999243,12.1,-14.8092241,12.1,-14.8092244
12.15,-14.5066276,12.15,0.0594678593,12.15,-1.24990639,12.15,-14.8092237,12.15,-14.809224
12.2,-14.506627,12.2,0.0594693488,12.2,-1.29988937,12.2,-14.8092233,12.2,-14.8092236
12.25,-14.5066266,12.25,0.0594708376,12.25,-1.34986882,12.25,-14.8092229,12.25,-14.8092232
12.3,-14.5066261,12.3,0.0594723257,12.3,-1.39985164,12.3,-14.8092225,12.3,-14.8092228
12.35,-14.5066256,12.35,0.0594738131,12.35,-1.44983444,12.35,-14.8092221,12.35,-14.8092224
12.4,-14.5066251,12.4,0.0594752999,12.4,-1.49981835,12.4,-14.8092217,12.4,-14.809222
12.45,-14.5066246,12.45,0.0594767859,12.45,-1.54979923,12.45,-14.8092213,12.45,-14.8092216
12.5,-14.5066241,12.5,0.0594782713,12.5,-1.59978476,12.5,-14.8092209,12.5,-14.8092212
12.55,-14.5066236,12.55,0.059479756,12.55,-1.64976396,12.55,-14.8092205,12.55,-14.8092208
12.6,-14.5066231,12.6,0.05948124,12.6,-1.69974827,12.6,-14.8092201,12.6,-14.8092204
12.65,-14.5066227,12.65,0.0594827234,12.65,-1.74973002,12.65,-14.8092197,12.65,-14.80922
12.7,-14.5066221,12.7,0.059484206,12.7,-1.79971301,12.7,-14.8092193,12.7,-14.8092196
12.75,-14.5066216,12.75,0.059485688,12.75,-1.84969488,12.75,-14.8092189,12.75,-14.8092192
12.8,-14.5066212,12.8,0.0594871693,12.8,-1.89967818,12.8,-14.8092185,12.8,-14.8092188
12.85,-14.5066207,12.85,0.0594886499,12.85,-1.94965826,12.85,-14.8092181,12.85,-14.8092184
12.9,-14.5066202,12.9,0.0594901298,12.9,-1.99964338,12.9,-14.8092177,12.9,-14.809218
12.95,-14.5066197,12.95,0.0594916091,12.95,-2.04962489,12.95,-14.8092173,12.95,-14.8092176
13.0,-14.5066191,13.0,0.0594930877,13.0,-2.09960836,13.0,-14.8092169,13.0,-14.8092172
13.05,-14.5066187,13.05,0.0594945656,13.05,-2.14958765,13.05,-14.8092165,13.05,-14.8092169
13.1,-14.5066182,13.1,0.0594960428,13.1,-2.19957146,13.1,-14.8092161,13.1,-14.8092165
13.15,-14.5066177,13.15,0.0594975194,13.15,-2.24955491,13.15,-14.8092157,13.15,-14.8092161
13.2,-14.5066172,13.2,0.0594989953,13.2,-2.29953683,13.2,-14.8092153,13.2,-14.8092157
13.25,-14.5066167,13.25,0.0595004705,13.25,-2.34951987,13.25,-14.8092149,13.25,-14.8092153
13.3,-14.5066163,13.3,0.0595019451,13.3,-2.3994993,13.3,-14.8092145,13.3,-14.8092149
13.35,-14.5066158,13.35,0.0595034189,13.35,-2.44948374,13.35,-14.8092141,13.35,-14.8092145
13.4,-14.5066152,13.4,0.0595048921,13.4,-2.49946466,13.4,-14.8092137,13.4,-14.8092141
13.45,-14.5066148,13.45,0.0595063647,13.45,-2.54944888,13.45,-14.8092133,13.45,-14.8092137
13.5,-14.5066143,13.5,0.0595078365,13.5,-2.59942851,13.5,-14.8092129,13.5,-14.8092133
13.55,-14.5066139,13.55,0.0595093077,13.55,-2.64941247,13.55,-14.8092126,13.55,-14.8092129
13.6,-14.5066133,13.6,0.0595107782,13.6,-2.6993946,13.6,-14.8092122,13.6,-14.8092125
13.65,-14.5066128,13.65,0.0595122481,13.65,-2.74937866,13.65,-14.8092118,13.65,-14.8092121
13.7,-14.5066124,13.7,0.0595137173,13.7,-2.79935974,13.7,-14.8092114,13.7,-14.8092117
13.75,-14.5066119,13.75,0.0595151858,13.75,-2.84934349,13.75,-14.809211,13.75,-14.8092113
13.8,-14.5066113,13.8,0.0595166536,13.8,-2.89932502,13.8,-14.8092106,13.8,-14.8092109
13.85,-14.5066109,13.85,0.0595181208,13.85,-2.94930722,13.85,-14.8092102,13.85,-14.8092106
13.9,-14.5066104,13.9,0.0595195873,13.9,-2.9992898,13.9,-14.8092098,13.9,-14.8092102
13.95,-14.5066099,13.95,0.0595210532,13.95,-3.04927226,13.95,-14.8092094,13.95,-14.8092098
14.0,-14.5066094,14.0,0.0595225184,14.0,-3.09925515,14.0,-14.809209,14.0,-14.8092094
