mode,rsrc,pos,cprobe,fcross_hz,pm_deg,tdb_10hz,rload
0db,1m,1,1f,663070,71.7961,79.6305,100k
0db,1m,1,47p,663836,71.6238,79.6305,100k
0db,1m,1,100p,664659,71.4284,79.6305,100k
0db,1m,1,220p,666347,70.9826,79.6305,100k
0db,1m,1,470p,669035,70.0485,79.6305,100k
0db,1m,1,1n,670746,68.1384,79.6305,100k
0db,1m,1,1.5n,667627,66.5688,79.6304,100k
0db,1m,1,2.2n,657731,64.9126,79.6304,100k
0db,1m,1,2.7n,648632,64.1093,79.6304,100k
0db,1m,1,3.3n,637135,63.4856,79.6304,100k
0db,1m,1,4.7n,612344,62.9784,79.6304,100k
0db,1m,2,1f,663070,71.7961,79.6305,100k
0db,1m,2,47p,663855,71.6237,79.6305,100k
0db,1m,2,100p,664740,71.4285,79.6305,100k
0db,1m,2,220p,666741,70.9829,79.6305,100k
0db,1m,2,470p,670900,70.039,79.6304,100k
0db,1m,2,1n,679726,67.9646,79.6304,100k
0db,1m,2,1.5n,688003,65.9154,79.6304,100k
0db,1m,2,2.2n,699300,62.8994,79.6304,100k
0db,1m,2,2.7n,706902,60.651,79.6304,100k
0db,1m,2,3.3n,715421,57.8576,79.6304,100k
0db,1m,2,4.7n,730364,51.1428,79.6304,100k
0db,1k,1,1f,663043,71.5878,79.6305,100k
0db,1k,1,47p,663810,71.4153,79.6305,100k
0db,1k,1,100p,664632,71.2197,79.6305,100k
0db,1k,1,220p,666320,70.7734,79.6305,100k
0db,1k,1,470p,669007,69.8384,79.6305,100k
0db,1k,1,1n,670718,67.9279,79.6305,100k
0db,1k,1,1.5n,667601,66.3593,79.6304,100k
0db,1k,1,2.2n,657707,64.7062,79.6304,100k
0db,1k,1,2.7n,648609,63.9058,79.6304,100k
0db,1k,1,3.3n,637114,63.2856,79.6304,100k
0db,1k,1,4.7n,612326,62.7861,79.6304,100k
0db,1k,2,1f,663043,71.5878,79.6305,100k
0db,1k,2,47p,663828,71.4153,79.6305,100k
0db,1k,2,100p,664713,71.2197,79.6305,100k
0db,1k,2,220p,666714,70.7736,79.6305,100k
0db,1k,2,470p,670872,69.8283,79.6304,100k
0db,1k,2,1n,679696,67.7513,79.6304,100k
0db,1k,2,1.5n,687972,65.6996,79.6304,100k
0db,1k,2,2.2n,699267,62.6803,79.6304,100k
0db,1k,2,2.7n,706867,60.4297,79.6304,100k
0db,1k,2,3.3n,715385,57.6339,79.6304,100k
0db,1k,2,4.7n,730325,50.9149,79.6304,100k
0db,2.5k,1,1f,662950,71.2777,79.6305,100k
0db,2.5k,1,47p,663717,71.1049,79.6305,100k
0db,2.5k,1,100p,664538,70.9089,79.6305,100k
0db,2.5k,1,220p,666226,70.4619,79.6305,100k
0db,2.5k,1,470p,668912,69.5258,79.6305,100k
0db,2.5k,1,1n,670622,67.6148,79.6305,100k
0db,2.5k,1,1.5n,667507,66.0478,79.6304,100k
0db,2.5k,1,2.2n,657622,64.3994,79.6304,100k
0db,2.5k,1,2.7n,648528,63.6031,79.6304,100k
0db,2.5k,1,3.3n,637040,62.9881,79.6304,100k
0db,2.5k,1,4.7n,612263,62.4997,79.6304,100k
0db,2.5k,2,1f,662950,71.2777,79.6305,100k
0db,2.5k,2,47p,663735,71.1048,79.6305,100k
0db,2.5k,2,100p,664619,70.9089,79.6305,100k
0db,2.5k,2,220p,666620,70.4619,79.6305,100k
0db,2.5k,2,470p,670776,69.5149,79.6304,100k
0db,2.5k,2,1n,679592,67.4342,79.6304,100k
0db,2.5k,2,1.5n,687863,65.3791,79.6304,100k
0db,2.5k,2,2.2n,699148,62.3554,79.6304,100k
0db,2.5k,2,2.7n,706744,60.1018,79.6304,100k
0db,2.5k,2,3.3n,715252,57.3031,79.6304,100k
0db,2.5k,2,4.7n,730180,50.5794,79.6304,100k
0db,2.571k,1,1f,662944,71.2631,79.6305,100k
0db,2.571k,1,47p,663711,71.0903,79.6305,100k
0db,2.571k,1,100p,664532,70.8943,79.6305,100k
0db,2.571k,1,220p,666220,70.4472,79.6305,100k
0db,2.571k,1,470p,668905,69.5111,79.6305,100k
0db,2.571k,1,1n,670616,67.6001,79.6305,100k
0db,2.571k,1,1.5n,667501,66.0332,79.6304,100k
0db,2.571k,1,2.2n,657616,64.3849,79.6304,100k
0db,2.571k,1,2.7n,648522,63.5889,79.6304,100k
0db,2.571k,1,3.3n,637035,62.9741,79.6304,100k
0db,2.571k,1,4.7n,612259,62.4863,79.6304,100k
0db,2.571k,2,1f,662944,71.2631,79.6305,100k
0db,2.571k,2,47p,663729,71.0902,79.6305,100k
0db,2.571k,2,100p,664613,70.8943,79.6305,100k
0db,2.571k,2,220p,666613,70.4472,79.6305,100k
0db,2.571k,2,470p,670769,69.5001,79.6304,100k
0db,2.571k,2,1n,679585,67.4193,79.6304,100k
0db,2.571k,2,1.5n,687856,65.364,79.6304,100k
0db,2.571k,2,2.2n,699140,62.3401,79.6304,100k
0db,2.571k,2,2.7n,706736,60.0864,79.6304,100k
0db,2.571k,2,3.3n,715243,57.2875,79.6304,100k
0db,2.571k,2,4.7n,730170,50.5637,79.6304,100k
0db,2.611k,1,1f,662941,71.2549,79.6305,100k
0db,2.611k,1,47p,663707,71.082,79.6305,100k
0db,2.611k,1,100p,664529,70.886,79.6305,100k
0db,2.611k,1,220p,666216,70.439,79.6305,100k
0db,2.611k,1,470p,668902,69.5028,79.6305,100k
0db,2.611k,1,1n,670613,67.5918,79.6305,100k
0db,2.611k,1,1.5n,667498,66.0249,79.6304,100k
0db,2.611k,1,2.2n,657613,64.3768,79.6304,100k
0db,2.611k,1,2.7n,648520,63.5809,79.6304,100k
0db,2.611k,1,3.3n,637032,62.9662,79.6304,100k
0db,2.611k,1,4.7n,612257,62.4787,79.6304,100k
0db,2.611k,2,1f,662941,71.2549,79.6305,100k
0db,2.611k,2,47p,663725,71.0819,79.6305,100k
0db,2.611k,2,100p,664610,70.886,79.6305,100k
0db,2.611k,2,220p,666610,70.4389,79.6305,100k
0db,2.611k,2,470p,670766,69.4918,79.6304,100k
0db,2.611k,2,1n,679581,67.4109,79.6304,100k
0db,2.611k,2,1.5n,687852,65.3555,79.6304,100k
0db,2.611k,2,2.2n,699136,62.3315,79.6304,100k
0db,2.611k,2,2.7n,706731,60.0777,79.6304,100k
0db,2.611k,2,3.3n,715238,57.2788,79.6304,100k
0db,2.611k,2,4.7n,730165,50.5549,79.6304,100k
0db,1m,1,1f,662228,71.7874,79.4467,10k
0db,1m,1,47p,662984,71.617,79.4467,10k
0db,1m,1,100p,663796,71.4237,79.4467,10k
0db,1m,1,220p,665463,70.9829,79.4467,10k
0db,1m,1,470p,668119,70.0592,79.4467,10k
0db,1m,1,1n,669836,68.1699,79.4468,10k
0db,1m,1,1.5n,666800,66.6146,79.4468,10k
0db,1m,1,2.2n,657099,64.9674,79.4468,10k
0db,1m,1,2.7n,648128,64.1653,79.4469,10k
0db,1m,1,3.3n,636775,63.5389,79.4469,10k
0db,1m,1,4.7n,612200,63.0209,79.447,10k
0db,1m,2,1f,662228,71.7874,79.4467,10k
0db,1m,2,47p,663009,71.6154,79.4467,10k
0db,1m,2,100p,663889,71.4207,79.4467,10k
0db,1m,2,220p,665881,70.9763,79.4467,10k
0db,1m,2,470p,670018,70.0348,79.4467,10k
0db,1m,2,1n,678769,67.9671,79.4467,10k
0db,1m,2,1.5n,686999,65.9243,79.4467,10k
0db,1m,2,2.2n,698196,62.9199,79.4466,10k
0db,1m,2,2.7n,705750,60.6798,79.4466,10k
0db,1m,2,3.3n,714176,57.8996,79.4466,10k
0db,1m,2,4.7n,728986,51.2163,79.4466,10k
0db,1k,1,1f,662201,71.5794,79.4467,10k
0db,1k,1,47p,662958,71.4087,79.4467,10k
0db,1k,1,100p,663769,71.2153,79.4467,10k
0db,1k,1,220p,665436,70.7739,79.4467,10k
0db,1k,1,470p,668092,69.8495,79.4467,10k
0db,1k,1,1n,669809,67.9596,79.4468,10k
0db,1k,1,1.5n,666774,66.4053,79.4468,10k
0db,1k,1,2.2n,657075,64.7612,79.4468,10k
0db,1k,1,2.7n,648105,63.9619,79.4469,10k
0db,1k,1,3.3n,636754,63.339,79.4469,10k
0db,1k,1,4.7n,612183,62.8286,79.447,10k
0db,1k,2,1f,662201,71.5794,79.4467,10k
0db,1k,2,47p,662982,71.4072,79.4467,10k
0db,1k,2,100p,663862,71.2122,79.4467,10k
0db,1k,2,220p,665854,70.7672,79.4467,10k
0db,1k,2,470p,669990,69.8244,79.4467,10k
0db,1k,2,1n,678740,67.7541,79.4467,10k
0db,1k,2,1.5n,686968,65.7088,79.4467,10k
0db,1k,2,2.2n,698163,62.7011,79.4466,10k
0db,1k,2,2.7n,705716,60.4589,79.4466,10k
0db,1k,2,3.3n,714140,57.6763,79.4466,10k
0db,1k,2,4.7n,728946,50.9888,79.4466,10k
0db,2.5k,1,1f,662109,71.2696,79.4467,10k
0db,2.5k,1,47p,662865,71.0987,79.4467,10k
0db,2.5k,1,100p,663676,70.9049,79.4467,10k
0db,2.5k,1,220p,665342,70.4628,79.4467,10k
0db,2.5k,1,470p,667996,69.5373,79.4467,10k
0db,2.5k,1,1n,669713,67.647,79.4468,10k
0db,2.5k,1,1.5n,666680,66.0943,79.4468,10k
0db,2.5k,1,2.2n,656990,64.4547,79.4468,10k
0db,2.5k,1,2.7n,648024,63.6595,79.4469,10k
0db,2.5k,1,3.3n,636680,63.0417,79.4469,10k
0db,2.5k,1,4.7n,612120,62.5423,79.447,10k
0db,2.5k,2,1f,662109,71.2696,79.4467,10k
0db,2.5k,2,47p,662889,71.0971,79.4467,10k
0db,2.5k,2,100p,663769,70.9018,79.4467,10k
0db,2.5k,2,220p,665759,70.4559,79.4467,10k
0db,2.5k,2,470p,669893,69.5114,79.4467,10k
0db,2.5k,2,1n,678636,67.4374,79.4467,10k
0db,2.5k,2,1.5n,686859,65.3888,79.4467,10k
0db,2.5k,2,2.2n,698044,62.3767,79.4466,10k
0db,2.5k,2,2.7n,705592,60.1315,79.4466,10k
0db,2.5k,2,3.3n,714007,57.346,79.4466,10k
0db,2.5k,2,4.7n,728802,50.6539,79.4466,10k
0db,2.571k,1,1f,662103,71.2551,79.4467,10k
0db,2.571k,1,47p,662859,71.0841,79.4467,10k
0db,2.571k,1,100p,663670,70.8903,79.4467,10k
0db,2.571k,1,220p,665336,70.4482,79.4467,10k
0db,2.571k,1,470p,667990,69.5226,79.4467,10k
0db,2.571k,1,1n,669707,67.6323,79.4468,10k
0db,2.571k,1,1.5n,666674,66.0796,79.4468,10k
0db,2.571k,1,2.2n,656984,64.4402,79.4468,10k
0db,2.571k,1,2.7n,648019,63.6452,79.4469,10k
0db,2.571k,1,3.3n,636675,63.0277,79.4469,10k
0db,2.571k,1,4.7n,612116,62.5288,79.447,10k
0db,2.571k,2,1f,662103,71.2551,79.4467,10k
0db,2.571k,2,47p,662883,71.0825,79.4467,10k
0db,2.571k,2,100p,663763,70.8871,79.4467,10k
0db,2.571k,2,220p,665753,70.4412,79.4467,10k
0db,2.571k,2,470p,669887,69.4967,79.4467,10k
0db,2.571k,2,1n,678629,67.4225,79.4467,10k
0db,2.571k,2,1.5n,686852,65.3737,79.4467,10k
0db,2.571k,2,2.2n,698036,62.3615,79.4466,10k
0db,2.571k,2,2.7n,705584,60.1161,79.4466,10k
0db,2.571k,2,3.3n,713999,57.3305,79.4466,10k
0db,2.571k,2,4.7n,728793,50.6382,79.4466,10k
0db,2.611k,1,1f,662100,71.2468,79.4467,10k
0db,2.611k,1,47p,662856,71.0759,79.4467,10k
0db,2.611k,1,100p,663666,70.882,79.4467,10k
0db,2.611k,1,220p,665332,70.4399,79.4467,10k
0db,2.611k,1,470p,667987,69.5143,79.4467,10k
0db,2.611k,1,1n,669703,67.624,79.4468,10k
0db,2.611k,1,1.5n,666671,66.0714,79.4468,10k
0db,2.611k,1,2.2n,656981,64.4321,79.4468,10k
0db,2.611k,1,2.7n,648016,63.6372,79.4469,10k
0db,2.611k,1,3.3n,636672,63.0198,79.4469,10k
0db,2.611k,1,4.7n,612113,62.5213,79.447,10k
0db,2.611k,2,1f,662100,71.2468,79.4467,10k
0db,2.611k,2,47p,662880,71.0743,79.4467,10k
0db,2.611k,2,100p,663760,70.8789,79.4467,10k
0db,2.611k,2,220p,665750,70.4329,79.4467,10k
0db,2.611k,2,470p,669884,69.4884,79.4467,10k
0db,2.611k,2,1n,678625,67.4142,79.4467,10k
0db,2.611k,2,1.5n,686848,65.3653,79.4467,10k
0db,2.611k,2,2.2n,698032,62.3529,79.4466,10k
0db,2.611k,2,2.7n,705580,60.1075,79.4466,10k
0db,2.611k,2,3.3n,713994,57.3218,79.4466,10k
0db,2.611k,2,4.7n,728788,50.6294,79.4466,10k
3db,1m,1,1f,616242,79.263,77.887,100k
3db,1m,1,47p,616933,79.1047,77.887,100k
3db,1m,1,100p,617684,78.9251,77.887,100k
3db,1m,1,220p,619228,78.5159,77.887,100k
3db,1m,1,470p,621699,77.6609,77.887,100k
3db,1m,1,1n,623366,75.913,77.887,100k
3db,1m,1,1.5n,620648,74.4636,77.887,100k
3db,1m,1,2.2n,611686,72.8971,77.887,100k
3db,1m,1,2.7n,603181,72.1123,77.887,100k
3db,1m,1,3.3n,592277,71.4731,77.8869,100k
3db,1m,1,4.7n,568103,70.8631,77.8869,100k
3db,1m,2,1f,616242,79.263,77.887,100k
3db,1m,2,47p,616950,79.1046,77.887,100k
3db,1m,2,100p,617757,78.9248,77.887,100k
3db,1m,2,220p,619584,78.5149,77.887,100k
3db,1m,2,470p,623377,77.6477,77.887,100k
3db,1m,2,1n,631342,75.7499,77.8869,100k
3db,1m,2,1.5n,638890,73.8782,77.8869,100k
3db,1m,2,2.2n,649112,71.1381,77.8869,100k
3db,1m,2,2.7n,656094,69.0984,77.8869,100k
3db,1m,2,3.3n,663866,66.5761,77.8869,100k
3db,1m,2,4.7n,678090,60.5069,77.8869,100k
3db,1k,1,1f,616219,79.0695,77.887,100k
3db,1k,1,47p,616909,78.911,77.887,100k
3db,1k,1,100p,617660,78.7311,77.887,100k
3db,1k,1,220p,619203,78.3215,77.887,100k
3db,1k,1,470p,621674,77.4657,77.887,100k
3db,1k,1,1n,623341,75.7174,77.887,100k
3db,1k,1,1.5n,620623,74.2689,77.887,100k
3db,1k,1,2.2n,611664,72.7052,77.887,100k
3db,1k,1,2.7n,603160,71.923,77.887,100k
3db,1k,1,3.3n,592258,71.2872,77.8869,100k
3db,1k,1,4.7n,568087,70.6847,77.8869,100k
3db,1k,2,1f,616219,79.0695,77.887,100k
3db,1k,2,47p,616925,78.9109,77.887,100k
3db,1k,2,100p,617733,78.7309,77.887,100k
3db,1k,2,220p,619559,78.3204,77.887,100k
3db,1k,2,470p,623352,77.452,77.887,100k
3db,1k,2,1n,631314,75.5519,77.8869,100k
3db,1k,2,1.5n,638862,73.6778,77.8869,100k
3db,1k,2,2.2n,649082,70.9348,77.8869,100k
3db,1k,2,2.7n,656063,68.8931,77.8869,100k
3db,1k,2,3.3n,663833,66.3686,77.8869,100k
3db,1k,2,4.7n,678054,60.2954,77.8869,100k
3db,2.5k,1,1f,616137,78.7812,77.887,100k
3db,2.5k,1,47p,616824,78.6226,77.887,100k
3db,2.5k,1,100p,617574,78.4424,77.887,100k
3db,2.5k,1,220p,619118,78.0321,77.887,100k
3db,2.5k,1,470p,621587,77.1753,77.887,100k
3db,2.5k,1,1n,623253,75.4265,77.887,100k
3db,2.5k,1,1.5n,620538,73.9794,77.887,100k
3db,2.5k,1,2.2n,611585,72.4198,77.887,100k
3db,2.5k,1,2.7n,603086,71.6416,77.887,100k
3db,2.5k,1,3.3n,592190,71.0107,77.8869,100k
3db,2.5k,1,4.7n,568030,70.4191,77.8869,100k
3db,2.5k,2,1f,616137,78.7812,77.887,100k
3db,2.5k,2,47p,616840,78.6224,77.887,100k
3db,2.5k,2,100p,617647,78.4421,77.887,100k
3db,2.5k,2,220p,619473,78.0308,77.887,100k
3db,2.5k,2,470p,623264,77.1608,77.887,100k
3db,2.5k,2,1n,631220,75.2574,77.8869,100k
3db,2.5k,2,1.5n,638762,73.3803,77.8869,100k
3db,2.5k,2,2.2n,648973,70.6332,77.8869,100k
3db,2.5k,2,2.7n,655950,68.5888,77.8869,100k
3db,2.5k,2,3.3n,663712,66.0616,77.8869,100k
3db,2.5k,2,4.7n,677921,59.9838,77.8869,100k
3db,2.571k,1,1f,616131,78.7677,77.887,100k
3db,2.571k,1,47p,616818,78.609,77.887,100k
3db,2.571k,1,100p,617569,78.4288,77.887,100k
3db,2.571k,1,220p,619112,78.0185,77.887,100k
3db,2.571k,1,470p,621582,77.1616,77.887,100k
3db,2.571k,1,1n,623248,75.4128,77.887,100k
3db,2.571k,1,1.5n,620532,73.9658,77.887,100k
3db,2.571k,1,2.2n,611580,72.4064,77.887,100k
3db,2.571k,1,2.7n,603081,71.6284,77.887,100k
3db,2.571k,1,3.3n,592186,70.9977,77.8869,100k
3db,2.571k,1,4.7n,568026,70.4066,77.8869,100k
3db,2.571k,2,1f,616131,78.7677,77.887,100k
3db,2.571k,2,47p,616835,78.6088,77.887,100k
3db,2.571k,2,100p,617642,78.4285,77.887,100k
3db,2.571k,2,220p,619467,78.0171,77.887,100k
3db,2.571k,2,470p,623258,77.1471,77.887,100k
3db,2.571k,2,1n,631213,75.2436,77.8869,100k
3db,2.571k,2,1.5n,638756,73.3663,77.8869,100k
3db,2.571k,2,2.2n,648966,70.619,77.8869,100k
3db,2.571k,2,2.7n,655943,68.5745,77.8869,100k
3db,2.571k,2,3.3n,663704,66.0472,77.8869,100k
3db,2.571k,2,4.7n,677912,59.9692,77.8869,100k
3db,2.611k,1,1f,616128,78.76,77.887,100k
3db,2.611k,1,47p,616815,78.6013,77.887,100k
3db,2.611k,1,100p,617566,78.4211,77.887,100k
3db,2.611k,1,220p,619109,78.0108,77.887,100k
3db,2.611k,1,470p,621578,77.1539,77.887,100k
3db,2.611k,1,1n,623244,75.4051,77.887,100k
3db,2.611k,1,1.5n,620529,73.9581,77.887,100k
3db,2.611k,1,2.2n,611577,72.3989,77.887,100k
3db,2.611k,1,2.7n,603078,71.6209,77.8869,100k
3db,2.611k,1,3.3n,592183,70.9904,77.8869,100k
3db,2.611k,1,4.7n,568024,70.3996,77.8869,100k
3db,2.611k,2,1f,616128,78.76,77.887,100k
3db,2.611k,2,47p,616832,78.6012,77.887,100k
3db,2.611k,2,100p,617639,78.4208,77.887,100k
3db,2.611k,2,220p,619464,78.0095,77.887,100k
3db,2.611k,2,470p,623255,77.1394,77.887,100k
3db,2.611k,2,1n,631210,75.2358,77.8869,100k
3db,2.611k,2,1.5n,638752,73.3584,77.8869,100k
3db,2.611k,2,2.2n,648962,70.6111,77.8869,100k
3db,2.611k,2,2.7n,655939,68.5664,77.8869,100k
3db,2.611k,2,3.3n,663699,66.0391,77.8869,100k
3db,2.611k,2,4.7n,677908,59.961,77.8869,100k
3db,1m,1,1f,615383,79.2569,77.7075,10k
3db,1m,1,47p,616055,79.1007,77.7075,10k
3db,1m,1,100p,616782,78.9236,77.7075,10k
3db,1m,1,220p,618305,78.519,77.7075,10k
3db,1m,1,470p,620747,77.6737,77.7076,10k
3db,1m,1,1n,622417,75.9451,77.7076,10k
3db,1m,1,1.5n,619774,74.5094,77.7076,10k
3db,1m,1,2.2n,610999,72.9519,77.7077,10k
3db,1m,1,2.7n,602620,72.1688,77.7077,10k
3db,1m,1,3.3n,591864,71.5276,77.7077,10k
3db,1m,1,4.7n,567921,70.9078,77.7078,10k
3db,1m,2,1f,615383,79.2569,77.7075,10k
3db,1m,2,47p,616077,79.0992,77.7075,10k
3db,1m,2,100p,616866,78.9205,77.7075,10k
3db,1m,2,220p,618683,78.5117,77.7075,10k
3db,1m,2,470p,622455,77.6469,77.7075,10k
3db,1m,2,1n,630363,75.7553,77.7075,10k
3db,1m,2,1.5n,637848,73.8904,77.7075,10k
3db,1m,2,2.2n,647972,71.1619,77.7075,10k
3db,1m,2,2.7n,654909,69.1301,77.7075,10k
3db,1m,2,3.3n,662587,66.6207,77.7075,10k
3db,1m,2,4.7n,676673,60.5818,77.7074,10k
3db,1k,1,1f,615359,79.0636,77.7075,10k
3db,1k,1,47p,616032,78.9072,77.7075,10k
3db,1k,1,100p,616758,78.7299,77.7075,10k
3db,1k,1,220p,618281,78.3249,77.7075,10k
3db,1k,1,470p,620723,77.4789,77.7076,10k
3db,1k,1,1n,622392,75.7498,77.7076,10k
3db,1k,1,1.5n,619750,74.3149,77.7076,10k
3db,1k,1,2.2n,610977,72.7602,77.7077,10k
3db,1k,1,2.7n,602600,71.9797,77.7077,10k
3db,1k,1,3.3n,591845,71.3419,77.7077,10k
3db,1k,1,4.7n,567905,70.7295,77.7078,10k
3db,1k,2,1f,615359,79.0636,77.7075,10k
3db,1k,2,47p,616053,78.9058,77.7075,10k
3db,1k,2,100p,616842,78.7268,77.7075,10k
3db,1k,2,220p,618658,78.3174,77.7075,10k
3db,1k,2,470p,622430,77.4515,77.7075,10k
3db,1k,2,1n,630337,75.5575,77.7075,10k
3db,1k,2,1.5n,637821,73.6905,77.7075,10k
3db,1k,2,2.2n,647942,70.9589,77.7075,10k
3db,1k,2,2.7n,654877,68.9251,77.7075,10k
3db,1k,2,3.3n,662554,66.4136,77.7075,10k
3db,1k,2,4.7n,676637,60.3707,77.7074,10k
3db,2.5k,1,1f,615277,78.7758,77.7075,10k
3db,2.5k,1,47p,615950,78.6191,77.7075,10k
3db,2.5k,1,100p,616673,78.4415,77.7075,10k
3db,2.5k,1,220p,618195,78.0359,77.7075,10k
3db,2.5k,1,470p,620636,77.1889,77.7076,10k
3db,2.5k,1,1n,622305,75.4594,77.7076,10k
3db,2.5k,1,1.5n,619664,74.0259,77.7076,10k
3db,2.5k,1,2.2n,610899,72.4752,77.7077,10k
3db,2.5k,1,2.7n,602526,71.6985,77.7077,10k
3db,2.5k,1,3.3n,591777,71.0656,77.7077,10k
3db,2.5k,1,4.7n,567848,70.464,77.7078,10k
3db,2.5k,2,1f,615277,78.7758,77.7075,10k
3db,2.5k,2,47p,615971,78.6176,77.7075,10k
3db,2.5k,2,100p,616757,78.4384,77.7075,10k
3db,2.5k,2,220p,618572,78.0283,77.7075,10k
3db,2.5k,2,470p,622342,77.1607,77.7075,10k
3db,2.5k,2,1n,630245,75.2634,77.7075,10k
3db,2.5k,2,1.5n,637722,73.3934,77.7075,10k
3db,2.5k,2,2.2n,647834,70.6579,77.7075,10k
3db,2.5k,2,2.7n,654765,68.6214,77.7075,10k
3db,2.5k,2,3.3n,662433,66.1072,77.7075,10k
3db,2.5k,2,4.7n,676505,60.0598,77.7074,10k
3db,2.571k,1,1f,615272,78.7622,77.7075,10k
3db,2.571k,1,47p,615944,78.6055,77.7075,10k
3db,2.571k,1,100p,616667,78.428,77.7075,10k
3db,2.571k,1,220p,618190,78.0223,77.7075,10k
3db,2.571k,1,470p,620630,77.1752,77.7076,10k
3db,2.571k,1,1n,622299,75.4457,77.7076,10k
3db,2.571k,1,1.5n,619659,74.0122,77.7076,10k
3db,2.571k,1,2.2n,610894,72.4617,77.7077,10k
3db,2.571k,1,2.7n,602522,71.6853,77.7077,10k
3db,2.571k,1,3.3n,591773,71.0525,77.7077,10k
3db,2.571k,1,4.7n,567845,70.4515,77.7078,10k
3db,2.571k,2,1f,615272,78.7622,77.7075,10k
3db,2.571k,2,47p,615966,78.6041,77.7075,10k
3db,2.571k,2,100p,616752,78.4248,77.7075,10k
3db,2.571k,2,220p,618567,78.0146,77.7075,10k
3db,2.571k,2,470p,622336,77.1471,77.7075,10k
3db,2.571k,2,1n,630239,75.2496,77.7075,10k
3db,2.571k,2,1.5n,637715,73.3794,77.7075,10k
3db,2.571k,2,2.2n,647827,70.6437,77.7075,10k
3db,2.571k,2,2.7n,654758,68.6071,77.7075,10k
3db,2.571k,2,3.3n,662425,66.0928,77.7075,10k
3db,2.571k,2,4.7n,676496,60.0452,77.7074,10k
3db,2.611k,1,1f,615269,78.7546,77.7075,10k
3db,2.611k,1,47p,615941,78.5979,77.7075,10k
3db,2.611k,1,100p,616664,78.4203,77.7075,10k
3db,2.611k,1,220p,618187,78.0146,77.7075,10k
3db,2.611k,1,470p,620627,77.1675,77.7076,10k
3db,2.611k,1,1n,622296,75.438,77.7076,10k
3db,2.611k,1,1.5n,619656,74.0046,77.7076,10k
3db,2.611k,1,2.2n,610891,72.4542,77.7077,10k
3db,2.611k,1,2.7n,602519,71.6778,77.7077,10k
3db,2.611k,1,3.3n,591770,71.0452,77.7077,10k
3db,2.611k,1,4.7n,567843,70.4444,77.7078,10k
3db,2.611k,2,1f,615269,78.7546,77.7075,10k
3db,2.611k,2,47p,615963,78.5964,77.7075,10k
3db,2.611k,2,100p,616748,78.4171,77.7075,10k
3db,2.611k,2,220p,618564,78.007,77.7075,10k
3db,2.611k,2,470p,622333,77.1393,77.7075,10k
3db,2.611k,2,1n,630236,75.2418,77.7075,10k
3db,2.611k,2,1.5n,637712,73.3715,77.7075,10k
3db,2.611k,2,2.2n,647823,70.6358,77.7075,10k
3db,2.611k,2,2.7n,654754,68.5991,77.7075,10k
3db,2.611k,2,3.3n,662421,66.0847,77.7075,10k
3db,2.611k,2,4.7n,676491,60.037,77.7074,10k
10db,1m,1,1f,264289,95.8684,70.4181,100k
10db,1m,1,47p,264340,95.8118,70.4181,100k
10db,1m,1,100p,264395,95.7478,70.4181,100k
10db,1m,1,220p,264508,95.6023,70.4181,100k
10db,1m,1,470p,264689,95.2967,70.4181,100k
10db,1m,1,1n,264836,94.6428,70.4181,100k
10db,1m,1,1.5n,264678,94.0268,70.4181,100k
10db,1m,1,2.2n,263998,93.1833,70.4181,100k
10db,1m,1,2.7n,263214,92.605,70.4181,100k
10db,1m,1,3.3n,262016,91.9475,70.4181,100k
10db,1m,1,4.7n,258350,90.6041,70.4181,100k
10db,1m,2,1f,264289,95.8684,70.4181,100k
10db,1m,2,47p,264341,95.8118,70.4181,100k
10db,1m,2,100p,264400,95.7479,70.4181,100k
10db,1m,2,220p,264532,95.603,70.4181,100k
10db,1m,2,470p,264802,95.3001,70.4181,100k
10db,1m,2,1n,265349,94.6538,70.4181,100k
10db,1m,2,1.5n,265834,94.0391,70.4181,100k
10db,1m,2,2.2n,266459,93.1711,70.4181,100k
10db,1m,2,2.7n,266867,92.5462,70.4181,100k
10db,1m,2,3.3n,267311,91.7916,70.418,100k
10db,1m,2,4.7n,268150,90.0144,70.418,100k
10db,1k,1,1f,264287,95.7853,70.4181,100k
10db,1k,1,47p,264339,95.7287,70.4181,100k
10db,1k,1,100p,264393,95.6647,70.4181,100k
10db,1k,1,220p,264506,95.5191,70.4181,100k
10db,1k,1,470p,264687,95.2134,70.4181,100k
10db,1k,1,1n,264834,94.5596,70.4181,100k
10db,1k,1,1.5n,264677,93.9436,70.4181,100k
10db,1k,1,2.2n,263997,93.1003,70.4181,100k
10db,1k,1,2.7n,263212,92.5223,70.4181,100k
10db,1k,1,3.3n,262014,91.8652,70.4181,100k
10db,1k,1,4.7n,258349,90.5229,70.4181,100k
10db,1k,2,1f,264287,95.7853,70.4181,100k
10db,1k,2,47p,264340,95.7287,70.4181,100k
10db,1k,2,100p,264399,95.6648,70.4181,100k
10db,1k,2,220p,264530,95.5198,70.4181,100k
10db,1k,2,470p,264800,95.2168,70.4181,100k
10db,1k,2,1n,265347,94.5703,70.4181,100k
10db,1k,2,1.5n,265832,93.9555,70.4181,100k
10db,1k,2,2.2n,266458,93.0873,70.4181,100k
10db,1k,2,2.7n,266865,92.4623,70.4181,100k
10db,1k,2,3.3n,267309,91.7076,70.418,100k
10db,1k,2,4.7n,268148,89.9301,70.418,100k
10db,2.5k,1,1f,264281,95.6609,70.4181,100k
10db,2.5k,1,47p,264332,95.6043,70.4181,100k
10db,2.5k,1,100p,264387,95.5403,70.4181,100k
10db,2.5k,1,220p,264500,95.3946,70.4181,100k
10db,2.5k,1,470p,264681,95.0889,70.4181,100k
10db,2.5k,1,1n,264828,94.4349,70.4181,100k
10db,2.5k,1,1.5n,264670,93.8191,70.4181,100k
10db,2.5k,1,2.2n,263991,92.9761,70.4181,100k
10db,2.5k,1,2.7n,263206,92.3985,70.4181,100k
10db,2.5k,1,3.3n,262008,91.7419,70.4181,100k
10db,2.5k,1,4.7n,258343,90.4014,70.4181,100k
10db,2.5k,2,1f,264281,95.6609,70.4181,100k
10db,2.5k,2,47p,264334,95.6043,70.4181,100k
10db,2.5k,2,100p,264392,95.5403,70.4181,100k
10db,2.5k,2,220p,264524,95.3953,70.4181,100k
10db,2.5k,2,470p,264794,95.0922,70.4181,100k
10db,2.5k,2,1n,265341,94.4455,70.4181,100k
10db,2.5k,2,1.5n,265826,93.8304,70.4181,100k
10db,2.5k,2,2.2n,266451,92.962,70.4181,100k
10db,2.5k,2,2.7n,266859,92.3368,70.4181,100k
10db,2.5k,2,3.3n,267303,91.5819,70.418,100k
10db,2.5k,2,4.7n,268141,89.804,70.418,100k
10db,2.571k,1,1f,264281,95.6551,70.4181,100k
10db,2.571k,1,47p,264332,95.5984,70.4181,100k
10db,2.571k,1,100p,264387,95.5344,70.4181,100k
10db,2.571k,1,220p,264499,95.3887,70.4181,100k
10db,2.571k,1,470p,264681,95.083,70.4181,100k
10db,2.571k,1,1n,264827,94.429,70.4181,100k
10db,2.571k,1,1.5n,264670,93.8132,70.4181,100k
10db,2.571k,1,2.2n,263990,92.9702,70.4181,100k
10db,2.571k,1,2.7n,263205,92.3926,70.4181,100k
10db,2.571k,1,3.3n,262008,91.7361,70.4181,100k
10db,2.571k,1,4.7n,258343,90.3957,70.4181,100k
10db,2.571k,2,1f,264281,95.6551,70.4181,100k
10db,2.571k,2,47p,264333,95.5984,70.4181,100k
10db,2.571k,2,100p,264392,95.5344,70.4181,100k
10db,2.571k,2,220p,264524,95.3894,70.4181,100k
10db,2.571k,2,470p,264794,95.0863,70.4181,100k
10db,2.571k,2,1n,265341,94.4396,70.4181,100k
10db,2.571k,2,1.5n,265825,93.8245,70.4181,100k
10db,2.571k,2,2.2n,266451,92.9561,70.4181,100k
10db,2.571k,2,2.7n,266858,92.3309,70.4181,100k
10db,2.571k,2,3.3n,267302,91.576,70.418,100k
10db,2.571k,2,4.7n,268141,89.7981,70.418,100k
10db,2.611k,1,1f,264281,95.6517,70.4181,100k
10db,2.611k,1,47p,264332,95.5951,70.4181,100k
10db,2.611k,1,100p,264387,95.5311,70.4181,100k
10db,2.611k,1,220p,264499,95.3854,70.4181,100k
10db,2.611k,1,470p,264681,95.0797,70.4181,100k
10db,2.611k,1,1n,264827,94.4257,70.4181,100k
10db,2.611k,1,1.5n,264670,93.8099,70.4181,100k
10db,2.611k,1,2.2n,263990,92.9669,70.4181,100k
10db,2.611k,1,2.7n,263205,92.3893,70.4181,100k
10db,2.611k,1,3.3n,262008,91.7328,70.4181,100k
10db,2.611k,1,4.7n,258343,90.3925,70.4181,100k
10db,2.611k,2,1f,264281,95.6517,70.4181,100k
10db,2.611k,2,47p,264333,95.5951,70.4181,100k
10db,2.611k,2,100p,264392,95.5311,70.4181,100k
10db,2.611k,2,220p,264524,95.3861,70.4181,100k
10db,2.611k,2,470p,264793,95.083,70.4181,100k
10db,2.611k,2,1n,265340,94.4362,70.4181,100k
10db,2.611k,2,1.5n,265825,93.8212,70.4181,100k
10db,2.611k,2,2.2n,266451,92.9527,70.4181,100k
10db,2.611k,2,2.7n,266858,92.3275,70.4181,100k
10db,2.611k,2,3.3n,267302,91.5726,70.418,100k
10db,2.611k,2,4.7n,268141,89.7947,70.418,100k
10db,1m,1,1f,263944,95.8515,70.2499,10k
10db,1m,1,47p,263994,95.7955,70.2499,10k
10db,1m,1,100p,264048,95.7322,70.2499,10k
10db,1m,1,220p,264159,95.5882,70.2499,10k
10db,1m,1,470p,264339,95.2859,70.25,10k
10db,1m,1,1n,264485,94.6392,70.25,10k
10db,1m,1,1.5n,264332,94.0299,70.25,10k
10db,1m,1,2.2n,263667,93.1951,70.2501,10k
10db,1m,1,2.7n,262900,92.6224,70.2501,10k
10db,1m,1,3.3n,261727,91.9708,70.2501,10k
10db,1m,1,4.7n,258117,90.6374,70.2502,10k
10db,1m,2,1f,263944,95.8515,70.2499,10k
10db,1m,2,47p,263996,95.795,70.2499,10k
10db,1m,2,100p,264054,95.7312,70.2499,10k
10db,1m,2,220p,264186,95.5866,70.2499,10k
10db,1m,2,470p,264454,95.2844,70.2499,10k
10db,1m,2,1n,264998,94.6397,70.2499,10k
10db,1m,2,1.5n,265480,94.0265,70.2499,10k
10db,1m,2,2.2n,266103,93.1607,70.2499,10k
10db,1m,2,2.7n,266508,92.5374,70.2499,10k
10db,1m,2,3.3n,266950,91.7848,70.2499,10k
10db,1m,2,4.7n,267784,90.0121,70.2498,10k
10db,1k,1,1f,263942,95.7685,70.2499,10k
10db,1k,1,47p,263992,95.7125,70.2499,10k
10db,1k,1,100p,264047,95.6491,70.2499,10k
10db,1k,1,220p,264158,95.5051,70.2499,10k
10db,1k,1,470p,264337,95.2028,70.25,10k
10db,1k,1,1n,264483,94.556,70.25,10k
10db,1k,1,1.5n,264331,93.9468,70.25,10k
10db,1k,1,2.2n,263665,93.1122,70.2501,10k
10db,1k,1,2.7n,262898,92.5398,70.2501,10k
10db,1k,1,3.3n,261726,91.8886,70.2501,10k
10db,1k,1,4.7n,258115,90.5563,70.2502,10k
10db,1k,2,1f,263942,95.7685,70.2499,10k
10db,1k,2,47p,263994,95.712,70.2499,10k
10db,1k,2,100p,264053,95.6482,70.2499,10k
10db,1k,2,220p,264184,95.5036,70.2499,10k
10db,1k,2,470p,264452,95.2013,70.2499,10k
10db,1k,2,1n,264996,94.5564,70.2499,10k
10db,1k,2,1.5n,265479,93.9431,70.2499,10k
10db,1k,2,2.2n,266101,93.077,70.2499,10k
10db,1k,2,2.7n,266506,92.4537,70.2499,10k
10db,1k,2,3.3n,266948,91.7009,70.2499,10k
10db,1k,2,4.7n,267782,89.928,70.2498,10k
10db,2.5k,1,1f,263936,95.6442,70.2499,10k
10db,2.5k,1,47p,263986,95.5882,70.2499,10k
10db,2.5k,1,100p,264040,95.5249,70.2499,10k
10db,2.5k,1,220p,264151,95.3808,70.2499,10k
10db,2.5k,1,470p,264331,95.0784,70.25,10k
10db,2.5k,1,1n,264477,94.4316,70.25,10k
10db,2.5k,1,1.5n,264325,93.8224,70.25,10k
10db,2.5k,1,2.2n,263659,92.9882,70.2501,10k
10db,2.5k,1,2.7n,262892,92.4161,70.2501,10k
10db,2.5k,1,3.3n,261720,91.7655,70.2501,10k
10db,2.5k,1,4.7n,258110,90.4349,70.2502,10k
10db,2.5k,2,1f,263936,95.6442,70.2499,10k
10db,2.5k,2,47p,263988,95.5877,70.2499,10k
10db,2.5k,2,100p,264046,95.5239,70.2499,10k
10db,2.5k,2,220p,264178,95.3792,70.2499,10k
10db,2.5k,2,470p,264446,95.0769,70.2499,10k
10db,2.5k,2,1n,264990,94.4317,70.2499,10k
10db,2.5k,2,1.5n,265472,93.8182,70.2499,10k
10db,2.5k,2,2.2n,266095,92.9519,70.2499,10k
10db,2.5k,2,2.7n,266500,92.3283,70.2499,10k
10db,2.5k,2,3.3n,266942,91.5753,70.2499,10k
10db,2.5k,2,4.7n,267776,89.8021,70.2498,10k
10db,2.571k,1,1f,263935,95.6384,70.2499,10k
10db,2.571k,1,47p,263986,95.5823,70.2499,10k
10db,2.571k,1,100p,264040,95.519,70.2499,10k
10db,2.571k,1,220p,264151,95.3749,70.2499,10k
10db,2.571k,1,470p,264330,95.0725,70.25,10k
10db,2.571k,1,1n,264477,94.4257,70.25,10k
10db,2.571k,1,1.5n,264324,93.8165,70.25,10k
10db,2.571k,1,2.2n,263659,92.9823,70.2501,10k
10db,2.571k,1,2.7n,262892,92.4103,70.2501,10k
10db,2.571k,1,3.3n,261720,91.7597,70.2501,10k
10db,2.571k,1,4.7n,258109,90.4292,70.2502,10k
10db,2.571k,2,1f,263935,95.6384,70.2499,10k
10db,2.571k,2,47p,263988,95.5818,70.2499,10k
10db,2.571k,2,100p,264046,95.518,70.2499,10k
10db,2.571k,2,220p,264177,95.3734,70.2499,10k
10db,2.571k,2,470p,264446,95.071,70.2499,10k
10db,2.571k,2,1n,264990,94.4258,70.2499,10k
10db,2.571k,2,1.5n,265472,93.8123,70.2499,10k
10db,2.571k,2,2.2n,266094,92.9459,70.2499,10k
10db,2.571k,2,2.7n,266500,92.3224,70.2499,10k
10db,2.571k,2,3.3n,266942,91.5694,70.2499,10k
10db,2.571k,2,4.7n,267776,89.7961,70.2498,10k
10db,2.611k,1,1f,263935,95.6351,70.2499,10k
10db,2.611k,1,47p,263986,95.579,70.2499,10k
10db,2.611k,1,100p,264040,95.5157,70.2499,10k
10db,2.611k,1,220p,264151,95.3716,70.2499,10k
10db,2.611k,1,470p,264330,95.0692,70.25,10k
10db,2.611k,1,1n,264477,94.4224,70.25,10k
10db,2.611k,1,1.5n,264324,93.8132,70.25,10k
10db,2.611k,1,2.2n,263658,92.979,70.2501,10k
10db,2.611k,1,2.7n,262892,92.407,70.2501,10k
10db,2.611k,1,3.3n,261719,91.7564,70.2501,10k
10db,2.611k,1,4.7n,258109,90.426,70.2502,10k
10db,2.611k,2,1f,263935,95.6351,70.2499,10k
10db,2.611k,2,47p,263987,95.5785,70.2499,10k
10db,2.611k,2,100p,264046,95.5147,70.2499,10k
10db,2.611k,2,220p,264177,95.37,70.2499,10k
10db,2.611k,2,470p,264445,95.0677,70.2499,10k
10db,2.611k,2,1n,264990,94.4225,70.2499,10k
10db,2.611k,2,1.5n,265472,93.8089,70.2499,10k
10db,2.611k,2,2.2n,266094,92.9426,70.2499,10k
10db,2.611k,2,2.7n,266500,92.319,70.2499,10k
10db,2.611k,2,3.3n,266941,91.5661,70.2499,10k
10db,2.611k,2,4.7n,267775,89.7928,70.2498,10k
